,0
0,"0, 0, Header, 1, 12, 96
"
1,"1, 0, Start_track
"
2,"1, 0, Sequencer_specific, 03, 00, 00, 41
"
3,"1, 0, Sequencer_specific, 0A, 00, 00, 5B, 23, 01, 00, 05, 05, 29, 00
"
4,"1, 0, Title_t, ""Christmas Time""
"
5,"1, 0, Instrument_name_t, "" ""
"
6,"1, 0, SMPTE_offset, 96, 0, 3, 0, 0
"
7,"1, 0, MIDI_port, 0
"
8,"1, 0, Key_signature, -1, ""major""
"
9,"1, 0, Time_signature, 3, 2, 24, 8
"
10,"1, 0, Tempo, 618556
"
11,"1, 0, System_exclusive, 0A, 41, 10, 42, 12, 40, 00, 7F, 00, 41, F7
"
12,"1, 1, Text_t, ""GS Reset - SYX ""
"
13,"1, 21312, System_exclusive, 0A, 41, 10, 42, 12, 40, 00, 7F, 00, 41, F7
"
14,"1, 21313, Text_t, ""GS Reset - SYX ""
"
15,"1, 21313, End_track
"
16,"2, 0, Start_track
"
17,"2, 0, Title_t, ""Is Here""
"
18,"2, 0, MIDI_port, 0
"
19,"2, 0, End_track
"
20,"3, 0, Start_track
"
21,"3, 0, Title_t, ""Piano 1""
"
22,"3, 0, Instrument_name_t, "" ""
"
23,"3, 0, MIDI_port, 0
"
24,"3, 94, Control_c, 0, 0, 0
"
25,"3, 95, Control_c, 0, 32, 0
"
26,"3, 96, Program_c, 0, 0
"
27,"3, 96, Control_c, 0, 91, 110
"
28,"3, 96, Control_c, 0, 93, 64
"
29,"3, 96, Control_c, 0, 10, 54
"
30,"3, 96, Control_c, 0, 7, 127
"
31,"3, 288, Note_on_c, 0, 57, 91
"
32,"3, 294, Note_on_c, 0, 60, 91
"
33,"3, 300, Note_on_c, 0, 64, 91
"
34,"3, 306, Note_on_c, 0, 67, 91
"
35,"3, 384, Note_on_c, 0, 76, 91
"
36,"3, 390, Note_on_c, 0, 76, 0
"
37,"3, 390, Note_on_c, 0, 84, 91
"
38,"3, 576, Note_on_c, 0, 57, 0
"
39,"3, 576, Note_on_c, 0, 60, 0
"
40,"3, 576, Note_on_c, 0, 64, 0
"
41,"3, 576, Note_on_c, 0, 67, 0
"
42,"3, 576, Note_on_c, 0, 58, 91
"
43,"3, 576, Note_on_c, 0, 61, 91
"
44,"3, 576, Note_on_c, 0, 64, 91
"
45,"3, 576, Note_on_c, 0, 69, 91
"
46,"3, 672, Note_on_c, 0, 84, 0
"
47,"3, 672, Note_on_c, 0, 76, 91
"
48,"3, 678, Note_on_c, 0, 76, 0
"
49,"3, 678, Note_on_c, 0, 84, 91
"
50,"3, 864, Note_on_c, 0, 58, 0
"
51,"3, 864, Note_on_c, 0, 61, 0
"
52,"3, 864, Note_on_c, 0, 64, 0
"
53,"3, 864, Note_on_c, 0, 69, 0
"
54,"3, 864, Note_on_c, 0, 57, 91
"
55,"3, 870, Note_on_c, 0, 60, 91
"
56,"3, 876, Note_on_c, 0, 64, 91
"
57,"3, 882, Note_on_c, 0, 67, 91
"
58,"3, 960, Note_on_c, 0, 84, 0
"
59,"3, 960, Note_on_c, 0, 76, 91
"
60,"3, 966, Note_on_c, 0, 76, 0
"
61,"3, 966, Note_on_c, 0, 84, 91
"
62,"3, 1152, Note_on_c, 0, 57, 0
"
63,"3, 1152, Note_on_c, 0, 60, 0
"
64,"3, 1152, Note_on_c, 0, 64, 0
"
65,"3, 1152, Note_on_c, 0, 67, 0
"
66,"3, 1152, Note_on_c, 0, 58, 91
"
67,"3, 1152, Note_on_c, 0, 61, 91
"
68,"3, 1152, Note_on_c, 0, 64, 91
"
69,"3, 1152, Note_on_c, 0, 69, 91
"
70,"3, 1248, Note_on_c, 0, 84, 0
"
71,"3, 1248, Note_on_c, 0, 76, 91
"
72,"3, 1254, Note_on_c, 0, 76, 0
"
73,"3, 1254, Note_on_c, 0, 84, 91
"
74,"3, 1440, Note_on_c, 0, 58, 0
"
75,"3, 1440, Note_on_c, 0, 61, 0
"
76,"3, 1440, Note_on_c, 0, 64, 0
"
77,"3, 1440, Note_on_c, 0, 69, 0
"
78,"3, 1440, Note_on_c, 0, 84, 0
"
79,"3, 1440, Note_on_c, 0, 57, 91
"
80,"3, 1440, Note_on_c, 0, 64, 91
"
81,"3, 1440, Note_on_c, 0, 67, 91
"
82,"3, 1440, Note_on_c, 0, 76, 110
"
83,"3, 1488, Note_on_c, 0, 76, 0
"
84,"3, 1488, Note_on_c, 0, 72, 110
"
85,"3, 1536, Note_on_c, 0, 72, 0
"
86,"3, 1536, Note_on_c, 0, 72, 110
"
87,"3, 1632, Note_on_c, 0, 64, 0
"
88,"3, 1632, Note_on_c, 0, 67, 0
"
89,"3, 1632, Note_on_c, 0, 60, 91
"
90,"3, 1632, Note_on_c, 0, 64, 91
"
91,"3, 1632, Note_on_c, 0, 67, 91
"
92,"3, 1680, Note_on_c, 0, 72, 0
"
93,"3, 1680, Note_on_c, 0, 69, 110
"
94,"3, 1728, Note_on_c, 0, 57, 0
"
95,"3, 1728, Note_on_c, 0, 60, 0
"
96,"3, 1728, Note_on_c, 0, 64, 0
"
97,"3, 1728, Note_on_c, 0, 67, 0
"
98,"3, 1728, Note_on_c, 0, 69, 0
"
99,"3, 1728, Note_on_c, 0, 55, 91
"
100,"3, 1728, Note_on_c, 0, 61, 91
"
101,"3, 1728, Note_on_c, 0, 65, 91
"
102,"3, 1728, Note_on_c, 0, 69, 110
"
103,"3, 1792, Note_on_c, 0, 72, 91
"
104,"3, 1856, Note_on_c, 0, 72, 0
"
105,"3, 1856, Note_on_c, 0, 72, 91
"
106,"3, 1920, Note_on_c, 0, 72, 0
"
107,"3, 1920, Note_on_c, 0, 69, 91
"
108,"3, 2016, Note_on_c, 0, 55, 0
"
109,"3, 2016, Note_on_c, 0, 61, 0
"
110,"3, 2016, Note_on_c, 0, 65, 0
"
111,"3, 2016, Note_on_c, 0, 69, 0
"
112,"3, 2016, Note_on_c, 0, 69, 0
"
113,"3, 2016, Note_on_c, 0, 57, 91
"
114,"3, 2016, Note_on_c, 0, 64, 91
"
115,"3, 2016, Note_on_c, 0, 67, 91
"
116,"3, 2016, Note_on_c, 0, 76, 110
"
117,"3, 2064, Note_on_c, 0, 76, 0
"
118,"3, 2064, Note_on_c, 0, 72, 110
"
119,"3, 2112, Note_on_c, 0, 72, 0
"
120,"3, 2112, Note_on_c, 0, 72, 110
"
121,"3, 2208, Note_on_c, 0, 64, 0
"
122,"3, 2208, Note_on_c, 0, 67, 0
"
123,"3, 2208, Note_on_c, 0, 60, 91
"
124,"3, 2208, Note_on_c, 0, 64, 91
"
125,"3, 2208, Note_on_c, 0, 67, 91
"
126,"3, 2256, Note_on_c, 0, 72, 0
"
127,"3, 2256, Note_on_c, 0, 69, 110
"
128,"3, 2304, Note_on_c, 0, 57, 0
"
129,"3, 2304, Note_on_c, 0, 60, 0
"
130,"3, 2304, Note_on_c, 0, 64, 0
"
131,"3, 2304, Note_on_c, 0, 67, 0
"
132,"3, 2304, Note_on_c, 0, 69, 0
"
133,"3, 2304, Note_on_c, 0, 55, 91
"
134,"3, 2304, Note_on_c, 0, 61, 91
"
135,"3, 2304, Note_on_c, 0, 65, 91
"
136,"3, 2304, Note_on_c, 0, 69, 110
"
137,"3, 2336, Note_on_c, 0, 72, 91
"
138,"3, 2368, Note_on_c, 0, 72, 0
"
139,"3, 2368, Note_on_c, 0, 77, 91
"
140,"3, 2400, Note_on_c, 0, 77, 0
"
141,"3, 2400, Note_on_c, 0, 81, 91
"
142,"3, 2592, Note_on_c, 0, 55, 0
"
143,"3, 2592, Note_on_c, 0, 61, 0
"
144,"3, 2592, Note_on_c, 0, 65, 0
"
145,"3, 2592, Note_on_c, 0, 69, 0
"
146,"3, 2592, Note_on_c, 0, 81, 0
"
147,"3, 2592, Note_on_c, 0, 57, 91
"
148,"3, 2592, Note_on_c, 0, 62, 91
"
149,"3, 2592, Note_on_c, 0, 69, 110
"
150,"3, 2640, Note_on_c, 0, 69, 0
"
151,"3, 2640, Note_on_c, 0, 65, 110
"
152,"3, 2688, Note_on_c, 0, 65, 0
"
153,"3, 2688, Note_on_c, 0, 65, 110
"
154,"3, 2784, Note_on_c, 0, 57, 0
"
155,"3, 2784, Note_on_c, 0, 62, 0
"
156,"3, 2784, Note_on_c, 0, 56, 91
"
157,"3, 2784, Note_on_c, 0, 61, 91
"
158,"3, 2832, Note_on_c, 0, 65, 0
"
159,"3, 2832, Note_on_c, 0, 64, 110
"
160,"3, 2880, Note_on_c, 0, 56, 0
"
161,"3, 2880, Note_on_c, 0, 61, 0
"
162,"3, 2880, Note_on_c, 0, 64, 0
"
163,"3, 2880, Note_on_c, 0, 55, 91
"
164,"3, 2880, Note_on_c, 0, 60, 91
"
165,"3, 2880, Note_on_c, 0, 67, 110
"
166,"3, 2928, Note_on_c, 0, 67, 0
"
167,"3, 2928, Note_on_c, 0, 64, 110
"
168,"3, 2976, Note_on_c, 0, 64, 0
"
169,"3, 2976, Note_on_c, 0, 64, 110
"
170,"3, 3072, Note_on_c, 0, 55, 0
"
171,"3, 3072, Note_on_c, 0, 60, 0
"
172,"3, 3072, Note_on_c, 0, 54, 91
"
173,"3, 3072, Note_on_c, 0, 59, 91
"
174,"3, 3120, Note_on_c, 0, 64, 0
"
175,"3, 3120, Note_on_c, 0, 63, 110
"
176,"3, 3168, Note_on_c, 0, 54, 0
"
177,"3, 3168, Note_on_c, 0, 59, 0
"
178,"3, 3168, Note_on_c, 0, 63, 0
"
179,"3, 3168, Note_on_c, 0, 53, 91
"
180,"3, 3168, Note_on_c, 0, 58, 91
"
181,"3, 3168, Note_on_c, 0, 62, 110
"
182,"3, 3216, Note_on_c, 0, 62, 0
"
183,"3, 3216, Note_on_c, 0, 65, 110
"
184,"3, 3264, Note_on_c, 0, 65, 0
"
185,"3, 3264, Note_on_c, 0, 62, 110
"
186,"3, 3360, Note_on_c, 0, 53, 0
"
187,"3, 3360, Note_on_c, 0, 58, 0
"
188,"3, 3360, Note_on_c, 0, 62, 0
"
189,"3, 3360, Note_on_c, 0, 55, 91
"
190,"3, 3360, Note_on_c, 0, 58, 91
"
191,"3, 3360, Note_on_c, 0, 61, 91
"
192,"3, 3360, Note_on_c, 0, 65, 110
"
193,"3, 3456, Note_on_c, 0, 55, 0
"
194,"3, 3456, Note_on_c, 0, 58, 0
"
195,"3, 3456, Note_on_c, 0, 61, 0
"
196,"3, 3456, Note_on_c, 0, 65, 0
"
197,"3, 3456, Note_on_c, 0, 52, 91
"
198,"3, 3456, Note_on_c, 0, 57, 91
"
199,"3, 3456, Note_on_c, 0, 60, 91
"
200,"3, 3456, Note_on_c, 0, 67, 110
"
201,"3, 3552, Note_on_c, 0, 76, 91
"
202,"3, 3558, Note_on_c, 0, 76, 0
"
203,"3, 3558, Note_on_c, 0, 84, 91
"
204,"3, 3744, Note_on_c, 0, 52, 0
"
205,"3, 3744, Note_on_c, 0, 57, 0
"
206,"3, 3744, Note_on_c, 0, 60, 0
"
207,"3, 3744, Note_on_c, 0, 67, 0
"
208,"3, 3744, Note_on_c, 0, 84, 0
"
209,"3, 3744, Note_on_c, 0, 57, 91
"
210,"3, 3744, Note_on_c, 0, 64, 91
"
211,"3, 3744, Note_on_c, 0, 67, 91
"
212,"3, 3744, Note_on_c, 0, 76, 110
"
213,"3, 3792, Note_on_c, 0, 76, 0
"
214,"3, 3792, Note_on_c, 0, 72, 110
"
215,"3, 3840, Note_on_c, 0, 72, 0
"
216,"3, 3840, Note_on_c, 0, 72, 110
"
217,"3, 3936, Note_on_c, 0, 64, 0
"
218,"3, 3936, Note_on_c, 0, 67, 0
"
219,"3, 3936, Note_on_c, 0, 60, 91
"
220,"3, 3936, Note_on_c, 0, 64, 91
"
221,"3, 3936, Note_on_c, 0, 67, 91
"
222,"3, 3984, Note_on_c, 0, 72, 0
"
223,"3, 3984, Note_on_c, 0, 69, 110
"
224,"3, 4032, Note_on_c, 0, 57, 0
"
225,"3, 4032, Note_on_c, 0, 60, 0
"
226,"3, 4032, Note_on_c, 0, 64, 0
"
227,"3, 4032, Note_on_c, 0, 67, 0
"
228,"3, 4032, Note_on_c, 0, 69, 0
"
229,"3, 4032, Note_on_c, 0, 55, 91
"
230,"3, 4032, Note_on_c, 0, 61, 91
"
231,"3, 4032, Note_on_c, 0, 65, 91
"
232,"3, 4032, Note_on_c, 0, 69, 110
"
233,"3, 4096, Note_on_c, 0, 72, 91
"
234,"3, 4160, Note_on_c, 0, 72, 0
"
235,"3, 4160, Note_on_c, 0, 72, 91
"
236,"3, 4224, Note_on_c, 0, 72, 0
"
237,"3, 4224, Note_on_c, 0, 69, 91
"
238,"3, 4320, Note_on_c, 0, 55, 0
"
239,"3, 4320, Note_on_c, 0, 61, 0
"
240,"3, 4320, Note_on_c, 0, 65, 0
"
241,"3, 4320, Note_on_c, 0, 69, 0
"
242,"3, 4320, Note_on_c, 0, 69, 0
"
243,"3, 4320, Note_on_c, 0, 57, 91
"
244,"3, 4320, Note_on_c, 0, 64, 91
"
245,"3, 4320, Note_on_c, 0, 67, 91
"
246,"3, 4320, Note_on_c, 0, 76, 110
"
247,"3, 4368, Note_on_c, 0, 76, 0
"
248,"3, 4368, Note_on_c, 0, 72, 110
"
249,"3, 4416, Note_on_c, 0, 72, 0
"
250,"3, 4416, Note_on_c, 0, 72, 110
"
251,"3, 4512, Note_on_c, 0, 64, 0
"
252,"3, 4512, Note_on_c, 0, 67, 0
"
253,"3, 4512, Note_on_c, 0, 60, 91
"
254,"3, 4512, Note_on_c, 0, 64, 91
"
255,"3, 4512, Note_on_c, 0, 67, 91
"
256,"3, 4560, Note_on_c, 0, 72, 0
"
257,"3, 4560, Note_on_c, 0, 69, 110
"
258,"3, 4608, Note_on_c, 0, 57, 0
"
259,"3, 4608, Note_on_c, 0, 60, 0
"
260,"3, 4608, Note_on_c, 0, 64, 0
"
261,"3, 4608, Note_on_c, 0, 67, 0
"
262,"3, 4608, Note_on_c, 0, 69, 0
"
263,"3, 4608, Note_on_c, 0, 55, 91
"
264,"3, 4608, Note_on_c, 0, 61, 91
"
265,"3, 4608, Note_on_c, 0, 65, 91
"
266,"3, 4608, Note_on_c, 0, 69, 110
"
267,"3, 4640, Note_on_c, 0, 72, 91
"
268,"3, 4672, Note_on_c, 0, 72, 0
"
269,"3, 4672, Note_on_c, 0, 77, 91
"
270,"3, 4704, Note_on_c, 0, 77, 0
"
271,"3, 4704, Note_on_c, 0, 81, 91
"
272,"3, 4896, Note_on_c, 0, 55, 0
"
273,"3, 4896, Note_on_c, 0, 61, 0
"
274,"3, 4896, Note_on_c, 0, 65, 0
"
275,"3, 4896, Note_on_c, 0, 69, 0
"
276,"3, 4896, Note_on_c, 0, 81, 0
"
277,"3, 4896, Note_on_c, 0, 57, 91
"
278,"3, 4896, Note_on_c, 0, 62, 91
"
279,"3, 4896, Note_on_c, 0, 69, 110
"
280,"3, 4944, Note_on_c, 0, 69, 0
"
281,"3, 4944, Note_on_c, 0, 65, 110
"
282,"3, 4992, Note_on_c, 0, 65, 0
"
283,"3, 4992, Note_on_c, 0, 65, 110
"
284,"3, 5088, Note_on_c, 0, 57, 0
"
285,"3, 5088, Note_on_c, 0, 62, 0
"
286,"3, 5088, Note_on_c, 0, 56, 91
"
287,"3, 5088, Note_on_c, 0, 61, 91
"
288,"3, 5136, Note_on_c, 0, 65, 0
"
289,"3, 5136, Note_on_c, 0, 64, 110
"
290,"3, 5184, Note_on_c, 0, 56, 0
"
291,"3, 5184, Note_on_c, 0, 61, 0
"
292,"3, 5184, Note_on_c, 0, 64, 0
"
293,"3, 5184, Note_on_c, 0, 55, 91
"
294,"3, 5184, Note_on_c, 0, 60, 91
"
295,"3, 5184, Note_on_c, 0, 67, 110
"
296,"3, 5232, Note_on_c, 0, 67, 0
"
297,"3, 5232, Note_on_c, 0, 64, 110
"
298,"3, 5280, Note_on_c, 0, 64, 0
"
299,"3, 5280, Note_on_c, 0, 64, 110
"
300,"3, 5376, Note_on_c, 0, 55, 0
"
301,"3, 5376, Note_on_c, 0, 60, 0
"
302,"3, 5376, Note_on_c, 0, 54, 91
"
303,"3, 5376, Note_on_c, 0, 59, 91
"
304,"3, 5424, Note_on_c, 0, 64, 0
"
305,"3, 5424, Note_on_c, 0, 63, 110
"
306,"3, 5472, Note_on_c, 0, 54, 0
"
307,"3, 5472, Note_on_c, 0, 59, 0
"
308,"3, 5472, Note_on_c, 0, 63, 0
"
309,"3, 5472, Note_on_c, 0, 53, 91
"
310,"3, 5472, Note_on_c, 0, 58, 91
"
311,"3, 5472, Note_on_c, 0, 62, 110
"
312,"3, 5520, Note_on_c, 0, 62, 0
"
313,"3, 5520, Note_on_c, 0, 65, 110
"
314,"3, 5568, Note_on_c, 0, 65, 0
"
315,"3, 5568, Note_on_c, 0, 62, 110
"
316,"3, 5664, Note_on_c, 0, 53, 0
"
317,"3, 5664, Note_on_c, 0, 58, 0
"
318,"3, 5664, Note_on_c, 0, 62, 0
"
319,"3, 5664, Note_on_c, 0, 55, 91
"
320,"3, 5664, Note_on_c, 0, 58, 91
"
321,"3, 5664, Note_on_c, 0, 61, 91
"
322,"3, 5664, Note_on_c, 0, 65, 110
"
323,"3, 5760, Note_on_c, 0, 55, 0
"
324,"3, 5760, Note_on_c, 0, 58, 0
"
325,"3, 5760, Note_on_c, 0, 61, 0
"
326,"3, 5760, Note_on_c, 0, 65, 0
"
327,"3, 5760, Note_on_c, 0, 52, 91
"
328,"3, 5760, Note_on_c, 0, 57, 91
"
329,"3, 5760, Note_on_c, 0, 60, 91
"
330,"3, 5760, Note_on_c, 0, 67, 110
"
331,"3, 5952, Note_on_c, 0, 72, 91
"
332,"3, 6048, Note_on_c, 0, 52, 0
"
333,"3, 6048, Note_on_c, 0, 57, 0
"
334,"3, 6048, Note_on_c, 0, 60, 0
"
335,"3, 6048, Note_on_c, 0, 67, 0
"
336,"3, 6048, Note_on_c, 0, 72, 0
"
337,"3, 6048, Note_on_c, 0, 65, 91
"
338,"3, 6048, Note_on_c, 0, 63, 91
"
339,"3, 6048, Note_on_c, 0, 72, 110
"
340,"3, 6096, Note_on_c, 0, 72, 0
"
341,"3, 6096, Note_on_c, 0, 68, 110
"
342,"3, 6144, Note_on_c, 0, 65, 0
"
343,"3, 6144, Note_on_c, 0, 63, 0
"
344,"3, 6144, Note_on_c, 0, 68, 0
"
345,"3, 6144, Note_on_c, 0, 53, 91
"
346,"3, 6144, Note_on_c, 0, 60, 91
"
347,"3, 6144, Note_on_c, 0, 63, 91
"
348,"3, 6144, Note_on_c, 0, 68, 110
"
349,"3, 6288, Note_on_c, 0, 68, 0
"
350,"3, 6288, Note_on_c, 0, 72, 110
"
351,"3, 6336, Note_on_c, 0, 53, 0
"
352,"3, 6336, Note_on_c, 0, 60, 0
"
353,"3, 6336, Note_on_c, 0, 63, 0
"
354,"3, 6336, Note_on_c, 0, 72, 0
"
355,"3, 6336, Note_on_c, 0, 52, 91
"
356,"3, 6336, Note_on_c, 0, 58, 91
"
357,"3, 6336, Note_on_c, 0, 63, 91
"
358,"3, 6336, Note_on_c, 0, 68, 91
"
359,"3, 6336, Note_on_c, 0, 72, 110
"
360,"3, 6432, Note_on_c, 0, 84, 91
"
361,"3, 6464, Note_on_c, 0, 84, 0
"
362,"3, 6464, Note_on_c, 0, 80, 91
"
363,"3, 6496, Note_on_c, 0, 80, 0
"
364,"3, 6496, Note_on_c, 0, 85, 91
"
365,"3, 6528, Note_on_c, 0, 85, 0
"
366,"3, 6528, Note_on_c, 0, 84, 91
"
367,"3, 6624, Note_on_c, 0, 52, 0
"
368,"3, 6624, Note_on_c, 0, 58, 0
"
369,"3, 6624, Note_on_c, 0, 63, 0
"
370,"3, 6624, Note_on_c, 0, 68, 0
"
371,"3, 6624, Note_on_c, 0, 72, 0
"
372,"3, 6624, Note_on_c, 0, 65, 91
"
373,"3, 6624, Note_on_c, 0, 63, 91
"
374,"3, 6624, Note_on_c, 0, 72, 110
"
375,"3, 6672, Note_on_c, 0, 72, 0
"
376,"3, 6672, Note_on_c, 0, 68, 110
"
377,"3, 6720, Note_on_c, 0, 84, 0
"
378,"3, 6720, Note_on_c, 0, 65, 0
"
379,"3, 6720, Note_on_c, 0, 63, 0
"
380,"3, 6720, Note_on_c, 0, 68, 0
"
381,"3, 6720, Note_on_c, 0, 53, 91
"
382,"3, 6720, Note_on_c, 0, 60, 91
"
383,"3, 6720, Note_on_c, 0, 63, 91
"
384,"3, 6720, Note_on_c, 0, 68, 110
"
385,"3, 6864, Note_on_c, 0, 68, 0
"
386,"3, 6864, Note_on_c, 0, 72, 110
"
387,"3, 6912, Note_on_c, 0, 53, 0
"
388,"3, 6912, Note_on_c, 0, 60, 0
"
389,"3, 6912, Note_on_c, 0, 63, 0
"
390,"3, 6912, Note_on_c, 0, 72, 0
"
391,"3, 6912, Note_on_c, 0, 52, 91
"
392,"3, 6912, Note_on_c, 0, 58, 91
"
393,"3, 6912, Note_on_c, 0, 63, 91
"
394,"3, 6912, Note_on_c, 0, 68, 91
"
395,"3, 6912, Note_on_c, 0, 72, 110
"
396,"3, 7008, Note_on_c, 0, 85, 91
"
397,"3, 7040, Note_on_c, 0, 85, 0
"
398,"3, 7040, Note_on_c, 0, 80, 91
"
399,"3, 7072, Note_on_c, 0, 80, 0
"
400,"3, 7072, Note_on_c, 0, 84, 91
"
401,"3, 7104, Note_on_c, 0, 84, 0
"
402,"3, 7104, Note_on_c, 0, 84, 91
"
403,"3, 7200, Note_on_c, 0, 52, 0
"
404,"3, 7200, Note_on_c, 0, 58, 0
"
405,"3, 7200, Note_on_c, 0, 63, 0
"
406,"3, 7200, Note_on_c, 0, 68, 0
"
407,"3, 7200, Note_on_c, 0, 72, 0
"
408,"3, 7200, Note_on_c, 0, 55, 91
"
409,"3, 7200, Note_on_c, 0, 60, 91
"
410,"3, 7200, Note_on_c, 0, 64, 91
"
411,"3, 7200, Note_on_c, 0, 72, 110
"
412,"3, 7248, Note_on_c, 0, 72, 0
"
413,"3, 7248, Note_on_c, 0, 69, 110
"
414,"3, 7296, Note_on_c, 0, 84, 0
"
415,"3, 7296, Note_on_c, 0, 69, 0
"
416,"3, 7296, Note_on_c, 0, 69, 110
"
417,"3, 7392, Note_on_c, 0, 55, 0
"
418,"3, 7392, Note_on_c, 0, 60, 0
"
419,"3, 7392, Note_on_c, 0, 64, 0
"
420,"3, 7392, Note_on_c, 0, 55, 91
"
421,"3, 7392, Note_on_c, 0, 61, 91
"
422,"3, 7392, Note_on_c, 0, 65, 91
"
423,"3, 7440, Note_on_c, 0, 69, 0
"
424,"3, 7440, Note_on_c, 0, 72, 110
"
425,"3, 7488, Note_on_c, 0, 55, 0
"
426,"3, 7488, Note_on_c, 0, 61, 0
"
427,"3, 7488, Note_on_c, 0, 65, 0
"
428,"3, 7488, Note_on_c, 0, 72, 0
"
429,"3, 7488, Note_on_c, 0, 54, 91
"
430,"3, 7488, Note_on_c, 0, 60, 91
"
431,"3, 7488, Note_on_c, 0, 64, 91
"
432,"3, 7488, Note_on_c, 0, 72, 110
"
433,"3, 7536, Note_on_c, 0, 72, 0
"
434,"3, 7536, Note_on_c, 0, 69, 110
"
435,"3, 7584, Note_on_c, 0, 69, 0
"
436,"3, 7584, Note_on_c, 0, 69, 110
"
437,"3, 7680, Note_on_c, 0, 54, 0
"
438,"3, 7680, Note_on_c, 0, 60, 0
"
439,"3, 7680, Note_on_c, 0, 64, 0
"
440,"3, 7680, Note_on_c, 0, 54, 91
"
441,"3, 7680, Note_on_c, 0, 60, 91
"
442,"3, 7680, Note_on_c, 0, 63, 91
"
443,"3, 7728, Note_on_c, 0, 69, 0
"
444,"3, 7728, Note_on_c, 0, 70, 110
"
445,"3, 7776, Note_on_c, 0, 54, 0
"
446,"3, 7776, Note_on_c, 0, 60, 0
"
447,"3, 7776, Note_on_c, 0, 63, 0
"
448,"3, 7776, Note_on_c, 0, 70, 0
"
449,"3, 7776, Note_on_c, 0, 53, 91
"
450,"3, 7776, Note_on_c, 0, 58, 91
"
451,"3, 7776, Note_on_c, 0, 62, 91
"
452,"3, 7776, Note_on_c, 0, 70, 110
"
453,"3, 7824, Note_on_c, 0, 70, 0
"
454,"3, 7824, Note_on_c, 0, 67, 110
"
455,"3, 7872, Note_on_c, 0, 67, 0
"
456,"3, 7872, Note_on_c, 0, 67, 110
"
457,"3, 7968, Note_on_c, 0, 53, 0
"
458,"3, 7968, Note_on_c, 0, 58, 0
"
459,"3, 7968, Note_on_c, 0, 62, 0
"
460,"3, 7968, Note_on_c, 0, 67, 0
"
461,"3, 7968, Note_on_c, 0, 53, 91
"
462,"3, 7968, Note_on_c, 0, 59, 91
"
463,"3, 7968, Note_on_c, 0, 63, 91
"
464,"3, 7968, Note_on_c, 0, 69, 110
"
465,"3, 8064, Note_on_c, 0, 53, 0
"
466,"3, 8064, Note_on_c, 0, 59, 0
"
467,"3, 8064, Note_on_c, 0, 63, 0
"
468,"3, 8064, Note_on_c, 0, 69, 0
"
469,"3, 8064, Note_on_c, 0, 52, 91
"
470,"3, 8064, Note_on_c, 0, 58, 91
"
471,"3, 8064, Note_on_c, 0, 62, 91
"
472,"3, 8064, Note_on_c, 0, 69, 110
"
473,"3, 8160, Note_on_c, 0, 70, 91
"
474,"3, 8256, Note_on_c, 0, 52, 0
"
475,"3, 8256, Note_on_c, 0, 58, 0
"
476,"3, 8256, Note_on_c, 0, 62, 0
"
477,"3, 8256, Note_on_c, 0, 70, 0
"
478,"3, 8256, Note_on_c, 0, 58, 91
"
479,"3, 8256, Note_on_c, 0, 61, 91
"
480,"3, 8256, Note_on_c, 0, 64, 91
"
481,"3, 8256, Note_on_c, 0, 69, 91
"
482,"3, 8352, Note_on_c, 0, 69, 0
"
483,"3, 8352, Note_on_c, 0, 58, 0
"
484,"3, 8352, Note_on_c, 0, 61, 0
"
485,"3, 8352, Note_on_c, 0, 64, 0
"
486,"3, 8352, Note_on_c, 0, 69, 0
"
487,"3, 8352, Note_on_c, 0, 57, 91
"
488,"3, 8352, Note_on_c, 0, 64, 91
"
489,"3, 8352, Note_on_c, 0, 67, 91
"
490,"3, 8352, Note_on_c, 0, 76, 110
"
491,"3, 8400, Note_on_c, 0, 76, 0
"
492,"3, 8400, Note_on_c, 0, 72, 110
"
493,"3, 8448, Note_on_c, 0, 72, 0
"
494,"3, 8448, Note_on_c, 0, 72, 110
"
495,"3, 8544, Note_on_c, 0, 64, 0
"
496,"3, 8544, Note_on_c, 0, 67, 0
"
497,"3, 8544, Note_on_c, 0, 60, 91
"
498,"3, 8544, Note_on_c, 0, 64, 91
"
499,"3, 8544, Note_on_c, 0, 67, 91
"
500,"3, 8592, Note_on_c, 0, 72, 0
"
501,"3, 8592, Note_on_c, 0, 69, 110
"
502,"3, 8640, Note_on_c, 0, 57, 0
"
503,"3, 8640, Note_on_c, 0, 60, 0
"
504,"3, 8640, Note_on_c, 0, 64, 0
"
505,"3, 8640, Note_on_c, 0, 67, 0
"
506,"3, 8640, Note_on_c, 0, 69, 0
"
507,"3, 8640, Note_on_c, 0, 55, 91
"
508,"3, 8640, Note_on_c, 0, 61, 91
"
509,"3, 8640, Note_on_c, 0, 65, 91
"
510,"3, 8640, Note_on_c, 0, 69, 110
"
511,"3, 8672, Note_on_c, 0, 72, 91
"
512,"3, 8704, Note_on_c, 0, 72, 0
"
513,"3, 8704, Note_on_c, 0, 77, 91
"
514,"3, 8736, Note_on_c, 0, 77, 0
"
515,"3, 8736, Note_on_c, 0, 81, 91
"
516,"3, 8864, Note_on_c, 0, 81, 0
"
517,"3, 8864, Note_on_c, 0, 79, 91
"
518,"3, 8928, Note_on_c, 0, 55, 0
"
519,"3, 8928, Note_on_c, 0, 61, 0
"
520,"3, 8928, Note_on_c, 0, 65, 0
"
521,"3, 8928, Note_on_c, 0, 69, 0
"
522,"3, 8928, Note_on_c, 0, 79, 0
"
523,"3, 8928, Note_on_c, 0, 57, 91
"
524,"3, 8928, Note_on_c, 0, 64, 91
"
525,"3, 8928, Note_on_c, 0, 67, 91
"
526,"3, 8928, Note_on_c, 0, 76, 110
"
527,"3, 8976, Note_on_c, 0, 76, 0
"
528,"3, 8976, Note_on_c, 0, 72, 110
"
529,"3, 9024, Note_on_c, 0, 72, 0
"
530,"3, 9024, Note_on_c, 0, 72, 110
"
531,"3, 9120, Note_on_c, 0, 64, 0
"
532,"3, 9120, Note_on_c, 0, 67, 0
"
533,"3, 9120, Note_on_c, 0, 60, 91
"
534,"3, 9120, Note_on_c, 0, 64, 91
"
535,"3, 9120, Note_on_c, 0, 67, 91
"
536,"3, 9168, Note_on_c, 0, 72, 0
"
537,"3, 9168, Note_on_c, 0, 69, 110
"
538,"3, 9216, Note_on_c, 0, 57, 0
"
539,"3, 9216, Note_on_c, 0, 60, 0
"
540,"3, 9216, Note_on_c, 0, 64, 0
"
541,"3, 9216, Note_on_c, 0, 67, 0
"
542,"3, 9216, Note_on_c, 0, 69, 0
"
543,"3, 9216, Note_on_c, 0, 55, 91
"
544,"3, 9216, Note_on_c, 0, 61, 91
"
545,"3, 9216, Note_on_c, 0, 65, 91
"
546,"3, 9216, Note_on_c, 0, 69, 110
"
547,"3, 9248, Note_on_c, 0, 72, 91
"
548,"3, 9280, Note_on_c, 0, 72, 0
"
549,"3, 9280, Note_on_c, 0, 77, 91
"
550,"3, 9312, Note_on_c, 0, 77, 0
"
551,"3, 9312, Note_on_c, 0, 81, 91
"
552,"3, 9376, Note_on_c, 0, 55, 0
"
553,"3, 9376, Note_on_c, 0, 61, 0
"
554,"3, 9376, Note_on_c, 0, 65, 0
"
555,"3, 9376, Note_on_c, 0, 81, 0
"
556,"3, 9376, Note_on_c, 0, 61, 91
"
557,"3, 9376, Note_on_c, 0, 69, 91
"
558,"3, 9376, Note_on_c, 0, 72, 91
"
559,"3, 9376, Note_on_c, 0, 77, 91
"
560,"3, 9440, Note_on_c, 0, 69, 0
"
561,"3, 9440, Note_on_c, 0, 61, 0
"
562,"3, 9440, Note_on_c, 0, 72, 0
"
563,"3, 9440, Note_on_c, 0, 77, 0
"
564,"3, 9440, Note_on_c, 0, 61, 91
"
565,"3, 9440, Note_on_c, 0, 65, 91
"
566,"3, 9440, Note_on_c, 0, 69, 91
"
567,"3, 9440, Note_on_c, 0, 72, 91
"
568,"3, 9504, Note_on_c, 0, 69, 0
"
569,"3, 9504, Note_on_c, 0, 61, 0
"
570,"3, 9504, Note_on_c, 0, 65, 0
"
571,"3, 9504, Note_on_c, 0, 69, 0
"
572,"3, 9504, Note_on_c, 0, 72, 0
"
573,"3, 9504, Note_on_c, 0, 57, 91
"
574,"3, 9504, Note_on_c, 0, 62, 91
"
575,"3, 9504, Note_on_c, 0, 69, 110
"
576,"3, 9552, Note_on_c, 0, 69, 0
"
577,"3, 9552, Note_on_c, 0, 65, 110
"
578,"3, 9600, Note_on_c, 0, 65, 0
"
579,"3, 9600, Note_on_c, 0, 65, 110
"
580,"3, 9696, Note_on_c, 0, 57, 0
"
581,"3, 9696, Note_on_c, 0, 62, 0
"
582,"3, 9696, Note_on_c, 0, 56, 91
"
583,"3, 9696, Note_on_c, 0, 61, 91
"
584,"3, 9744, Note_on_c, 0, 65, 0
"
585,"3, 9744, Note_on_c, 0, 64, 110
"
586,"3, 9792, Note_on_c, 0, 56, 0
"
587,"3, 9792, Note_on_c, 0, 61, 0
"
588,"3, 9792, Note_on_c, 0, 64, 0
"
589,"3, 9792, Note_on_c, 0, 55, 91
"
590,"3, 9792, Note_on_c, 0, 60, 91
"
591,"3, 9792, Note_on_c, 0, 67, 110
"
592,"3, 9840, Note_on_c, 0, 67, 0
"
593,"3, 9840, Note_on_c, 0, 64, 110
"
594,"3, 9888, Note_on_c, 0, 64, 0
"
595,"3, 9888, Note_on_c, 0, 64, 110
"
596,"3, 9984, Note_on_c, 0, 55, 0
"
597,"3, 9984, Note_on_c, 0, 60, 0
"
598,"3, 9984, Note_on_c, 0, 54, 91
"
599,"3, 9984, Note_on_c, 0, 59, 91
"
600,"3, 10032, Note_on_c, 0, 64, 0
"
601,"3, 10032, Note_on_c, 0, 63, 110
"
602,"3, 10080, Note_on_c, 0, 54, 0
"
603,"3, 10080, Note_on_c, 0, 59, 0
"
604,"3, 10080, Note_on_c, 0, 63, 0
"
605,"3, 10080, Note_on_c, 0, 53, 91
"
606,"3, 10080, Note_on_c, 0, 58, 91
"
607,"3, 10080, Note_on_c, 0, 62, 110
"
608,"3, 10128, Note_on_c, 0, 62, 0
"
609,"3, 10128, Note_on_c, 0, 65, 110
"
610,"3, 10176, Note_on_c, 0, 65, 0
"
611,"3, 10176, Note_on_c, 0, 62, 110
"
612,"3, 10272, Note_on_c, 0, 53, 0
"
613,"3, 10272, Note_on_c, 0, 58, 0
"
614,"3, 10272, Note_on_c, 0, 62, 0
"
615,"3, 10272, Note_on_c, 0, 50, 91
"
616,"3, 10272, Note_on_c, 0, 58, 91
"
617,"3, 10272, Note_on_c, 0, 62, 91
"
618,"3, 10272, Note_on_c, 0, 65, 110
"
619,"3, 10368, Note_on_c, 0, 50, 0
"
620,"3, 10368, Note_on_c, 0, 58, 0
"
621,"3, 10368, Note_on_c, 0, 62, 0
"
622,"3, 10368, Note_on_c, 0, 65, 0
"
623,"3, 10368, Note_on_c, 0, 52, 91
"
624,"3, 10368, Note_on_c, 0, 57, 91
"
625,"3, 10368, Note_on_c, 0, 60, 91
"
626,"3, 10368, Note_on_c, 0, 67, 110
"
627,"3, 10464, Note_on_c, 0, 72, 91
"
628,"3, 10560, Note_on_c, 0, 57, 0
"
629,"3, 10560, Note_on_c, 0, 60, 0
"
630,"3, 10560, Note_on_c, 0, 60, 91
"
631,"3, 10560, Note_on_c, 0, 64, 91
"
632,"3, 10560, Note_on_c, 0, 67, 91
"
633,"3, 10592, Note_on_c, 0, 72, 0
"
634,"3, 10592, Note_on_c, 0, 69, 91
"
635,"3, 10624, Note_on_c, 0, 52, 0
"
636,"3, 10624, Note_on_c, 0, 69, 0
"
637,"3, 10624, Note_on_c, 0, 72, 91
"
638,"3, 10656, Note_on_c, 0, 67, 0
"
639,"3, 10656, Note_on_c, 0, 60, 0
"
640,"3, 10656, Note_on_c, 0, 64, 0
"
641,"3, 10656, Note_on_c, 0, 67, 0
"
642,"3, 10656, Note_on_c, 0, 72, 0
"
643,"3, 10656, Note_on_c, 0, 57, 91
"
644,"3, 10656, Note_on_c, 0, 67, 91
"
645,"3, 10656, Note_on_c, 0, 69, 91
"
646,"3, 10656, Note_on_c, 0, 72, 91
"
647,"3, 10656, Note_on_c, 0, 76, 91
"
648,"3, 10720, Note_on_c, 0, 67, 0
"
649,"3, 10720, Note_on_c, 0, 69, 0
"
650,"3, 10720, Note_on_c, 0, 72, 0
"
651,"3, 10720, Note_on_c, 0, 76, 0
"
652,"3, 10720, Note_on_c, 0, 64, 91
"
653,"3, 10720, Note_on_c, 0, 67, 91
"
654,"3, 10720, Note_on_c, 0, 69, 91
"
655,"3, 10720, Note_on_c, 0, 72, 91
"
656,"3, 10784, Note_on_c, 0, 64, 0
"
657,"3, 10784, Note_on_c, 0, 67, 0
"
658,"3, 10784, Note_on_c, 0, 69, 0
"
659,"3, 10784, Note_on_c, 0, 72, 0
"
660,"3, 10784, Note_on_c, 0, 64, 91
"
661,"3, 10784, Note_on_c, 0, 67, 91
"
662,"3, 10784, Note_on_c, 0, 69, 91
"
663,"3, 10784, Note_on_c, 0, 72, 91
"
664,"3, 10816, Note_on_c, 0, 57, 0
"
665,"3, 10848, Note_on_c, 0, 64, 0
"
666,"3, 10848, Note_on_c, 0, 64, 91
"
667,"3, 10880, Note_on_c, 0, 67, 0
"
668,"3, 10880, Note_on_c, 0, 69, 0
"
669,"3, 10880, Note_on_c, 0, 72, 0
"
670,"3, 10880, Note_on_c, 0, 64, 0
"
671,"3, 10880, Note_on_c, 0, 60, 91
"
672,"3, 10880, Note_on_c, 0, 64, 91
"
673,"3, 10880, Note_on_c, 0, 67, 91
"
674,"3, 10880, Note_on_c, 0, 69, 91
"
675,"3, 10944, Note_on_c, 0, 60, 0
"
676,"3, 10944, Note_on_c, 0, 64, 0
"
677,"3, 10944, Note_on_c, 0, 67, 0
"
678,"3, 10944, Note_on_c, 0, 69, 0
"
679,"3, 10944, Note_on_c, 0, 55, 91
"
680,"3, 10944, Note_on_c, 0, 58, 91
"
681,"3, 10944, Note_on_c, 0, 61, 91
"
682,"3, 10944, Note_on_c, 0, 65, 91
"
683,"3, 10944, Note_on_c, 0, 69, 91
"
684,"3, 11088, Note_on_c, 0, 55, 0
"
685,"3, 11168, Note_on_c, 0, 58, 0
"
686,"3, 11168, Note_on_c, 0, 61, 0
"
687,"3, 11168, Note_on_c, 0, 65, 0
"
688,"3, 11168, Note_on_c, 0, 69, 0
"
689,"3, 11168, Note_on_c, 0, 65, 91
"
690,"3, 11168, Note_on_c, 0, 70, 91
"
691,"3, 11168, Note_on_c, 0, 73, 91
"
692,"3, 11168, Note_on_c, 0, 79, 91
"
693,"3, 11232, Note_on_c, 0, 65, 0
"
694,"3, 11232, Note_on_c, 0, 70, 0
"
695,"3, 11232, Note_on_c, 0, 73, 0
"
696,"3, 11232, Note_on_c, 0, 79, 0
"
697,"3, 11232, Note_on_c, 0, 57, 91
"
698,"3, 11232, Note_on_c, 0, 67, 91
"
699,"3, 11232, Note_on_c, 0, 69, 91
"
700,"3, 11232, Note_on_c, 0, 72, 91
"
701,"3, 11232, Note_on_c, 0, 76, 91
"
702,"3, 11296, Note_on_c, 0, 67, 0
"
703,"3, 11296, Note_on_c, 0, 69, 0
"
704,"3, 11296, Note_on_c, 0, 72, 0
"
705,"3, 11296, Note_on_c, 0, 76, 0
"
706,"3, 11296, Note_on_c, 0, 64, 91
"
707,"3, 11296, Note_on_c, 0, 67, 91
"
708,"3, 11296, Note_on_c, 0, 69, 91
"
709,"3, 11296, Note_on_c, 0, 72, 91
"
710,"3, 11360, Note_on_c, 0, 64, 0
"
711,"3, 11360, Note_on_c, 0, 67, 0
"
712,"3, 11360, Note_on_c, 0, 69, 0
"
713,"3, 11360, Note_on_c, 0, 72, 0
"
714,"3, 11360, Note_on_c, 0, 64, 91
"
715,"3, 11360, Note_on_c, 0, 67, 91
"
716,"3, 11360, Note_on_c, 0, 69, 91
"
717,"3, 11360, Note_on_c, 0, 72, 91
"
718,"3, 11392, Note_on_c, 0, 57, 0
"
719,"3, 11424, Note_on_c, 0, 64, 0
"
720,"3, 11424, Note_on_c, 0, 67, 0
"
721,"3, 11424, Note_on_c, 0, 69, 0
"
722,"3, 11424, Note_on_c, 0, 72, 0
"
723,"3, 11424, Note_on_c, 0, 60, 91
"
724,"3, 11424, Note_on_c, 0, 64, 91
"
725,"3, 11424, Note_on_c, 0, 67, 91
"
726,"3, 11424, Note_on_c, 0, 69, 91
"
727,"3, 11520, Note_on_c, 0, 60, 0
"
728,"3, 11520, Note_on_c, 0, 64, 0
"
729,"3, 11520, Note_on_c, 0, 67, 0
"
730,"3, 11520, Note_on_c, 0, 69, 0
"
731,"3, 11520, Note_on_c, 0, 55, 91
"
732,"3, 11520, Note_on_c, 0, 58, 91
"
733,"3, 11520, Note_on_c, 0, 61, 91
"
734,"3, 11520, Note_on_c, 0, 65, 91
"
735,"3, 11520, Note_on_c, 0, 69, 91
"
736,"3, 11664, Note_on_c, 0, 55, 0
"
737,"3, 11808, Note_on_c, 0, 58, 0
"
738,"3, 11808, Note_on_c, 0, 61, 0
"
739,"3, 11808, Note_on_c, 0, 65, 0
"
740,"3, 11808, Note_on_c, 0, 69, 0
"
741,"3, 11808, Note_on_c, 0, 57, 91
"
742,"3, 11808, Note_on_c, 0, 62, 91
"
743,"3, 11808, Note_on_c, 0, 69, 91
"
744,"3, 11872, Note_on_c, 0, 69, 0
"
745,"3, 11872, Note_on_c, 0, 65, 91
"
746,"3, 11936, Note_on_c, 0, 65, 0
"
747,"3, 11936, Note_on_c, 0, 65, 91
"
748,"3, 12000, Note_on_c, 0, 57, 0
"
749,"3, 12000, Note_on_c, 0, 62, 0
"
750,"3, 12000, Note_on_c, 0, 56, 91
"
751,"3, 12000, Note_on_c, 0, 61, 91
"
752,"3, 12048, Note_on_c, 0, 65, 0
"
753,"3, 12048, Note_on_c, 0, 64, 91
"
754,"3, 12096, Note_on_c, 0, 56, 0
"
755,"3, 12096, Note_on_c, 0, 61, 0
"
756,"3, 12096, Note_on_c, 0, 64, 0
"
757,"3, 12096, Note_on_c, 0, 55, 91
"
758,"3, 12096, Note_on_c, 0, 60, 91
"
759,"3, 12096, Note_on_c, 0, 67, 91
"
760,"3, 12160, Note_on_c, 0, 67, 0
"
761,"3, 12160, Note_on_c, 0, 64, 91
"
762,"3, 12224, Note_on_c, 0, 64, 0
"
763,"3, 12224, Note_on_c, 0, 64, 91
"
764,"3, 12288, Note_on_c, 0, 55, 0
"
765,"3, 12320, Note_on_c, 0, 60, 0
"
766,"3, 12320, Note_on_c, 0, 64, 0
"
767,"3, 12320, Note_on_c, 0, 54, 91
"
768,"3, 12320, Note_on_c, 0, 59, 91
"
769,"3, 12320, Note_on_c, 0, 63, 91
"
770,"3, 12384, Note_on_c, 0, 54, 0
"
771,"3, 12384, Note_on_c, 0, 59, 0
"
772,"3, 12384, Note_on_c, 0, 63, 0
"
773,"3, 12384, Note_on_c, 0, 53, 91
"
774,"3, 12384, Note_on_c, 0, 58, 91
"
775,"3, 12384, Note_on_c, 0, 62, 91
"
776,"3, 12448, Note_on_c, 0, 62, 0
"
777,"3, 12448, Note_on_c, 0, 65, 91
"
778,"3, 12512, Note_on_c, 0, 65, 0
"
779,"3, 12512, Note_on_c, 0, 62, 91
"
780,"3, 12576, Note_on_c, 0, 53, 0
"
781,"3, 12576, Note_on_c, 0, 58, 0
"
782,"3, 12576, Note_on_c, 0, 62, 0
"
783,"3, 12576, Note_on_c, 0, 50, 91
"
784,"3, 12576, Note_on_c, 0, 58, 91
"
785,"3, 12576, Note_on_c, 0, 62, 91
"
786,"3, 12576, Note_on_c, 0, 65, 91
"
787,"3, 12672, Note_on_c, 0, 50, 0
"
788,"3, 12672, Note_on_c, 0, 58, 0
"
789,"3, 12672, Note_on_c, 0, 62, 0
"
790,"3, 12672, Note_on_c, 0, 65, 0
"
791,"3, 12672, Note_on_c, 0, 52, 91
"
792,"3, 12672, Note_on_c, 0, 57, 91
"
793,"3, 12672, Note_on_c, 0, 60, 91
"
794,"3, 12672, Note_on_c, 0, 64, 91
"
795,"3, 12672, Note_on_c, 0, 67, 91
"
796,"3, 12768, Note_on_c, 0, 67, 0
"
797,"3, 12768, Note_on_c, 0, 72, 91
"
798,"3, 12774, Note_on_c, 0, 72, 0
"
799,"3, 12774, Note_on_c, 0, 84, 91
"
800,"3, 12896, Note_on_c, 0, 84, 0
"
801,"3, 12896, Note_on_c, 0, 69, 91
"
802,"3, 12928, Note_on_c, 0, 69, 0
"
803,"3, 12928, Note_on_c, 0, 72, 91
"
804,"3, 12960, Note_on_c, 0, 52, 0
"
805,"3, 12960, Note_on_c, 0, 57, 0
"
806,"3, 12960, Note_on_c, 0, 60, 0
"
807,"3, 12960, Note_on_c, 0, 64, 0
"
808,"3, 12960, Note_on_c, 0, 72, 0
"
809,"3, 12960, Note_on_c, 0, 57, 91
"
810,"3, 12960, Note_on_c, 0, 67, 91
"
811,"3, 12960, Note_on_c, 0, 69, 91
"
812,"3, 12960, Note_on_c, 0, 72, 91
"
813,"3, 12960, Note_on_c, 0, 76, 91
"
814,"3, 13024, Note_on_c, 0, 67, 0
"
815,"3, 13024, Note_on_c, 0, 69, 0
"
816,"3, 13024, Note_on_c, 0, 72, 0
"
817,"3, 13024, Note_on_c, 0, 76, 0
"
818,"3, 13024, Note_on_c, 0, 64, 91
"
819,"3, 13024, Note_on_c, 0, 67, 91
"
820,"3, 13024, Note_on_c, 0, 69, 91
"
821,"3, 13024, Note_on_c, 0, 72, 91
"
822,"3, 13088, Note_on_c, 0, 64, 0
"
823,"3, 13088, Note_on_c, 0, 67, 0
"
824,"3, 13088, Note_on_c, 0, 69, 0
"
825,"3, 13088, Note_on_c, 0, 72, 0
"
826,"3, 13088, Note_on_c, 0, 64, 91
"
827,"3, 13088, Note_on_c, 0, 67, 91
"
828,"3, 13088, Note_on_c, 0, 69, 91
"
829,"3, 13088, Note_on_c, 0, 72, 91
"
830,"3, 13120, Note_on_c, 0, 57, 0
"
831,"3, 13152, Note_on_c, 0, 64, 0
"
832,"3, 13152, Note_on_c, 0, 67, 0
"
833,"3, 13152, Note_on_c, 0, 69, 0
"
834,"3, 13152, Note_on_c, 0, 72, 0
"
835,"3, 13152, Note_on_c, 0, 60, 91
"
836,"3, 13152, Note_on_c, 0, 64, 91
"
837,"3, 13152, Note_on_c, 0, 67, 91
"
838,"3, 13152, Note_on_c, 0, 69, 91
"
839,"3, 13248, Note_on_c, 0, 60, 0
"
840,"3, 13248, Note_on_c, 0, 64, 0
"
841,"3, 13248, Note_on_c, 0, 67, 0
"
842,"3, 13248, Note_on_c, 0, 69, 0
"
843,"3, 13248, Note_on_c, 0, 55, 91
"
844,"3, 13248, Note_on_c, 0, 58, 91
"
845,"3, 13248, Note_on_c, 0, 61, 91
"
846,"3, 13248, Note_on_c, 0, 65, 91
"
847,"3, 13248, Note_on_c, 0, 69, 91
"
848,"3, 13408, Note_on_c, 0, 58, 0
"
849,"3, 13408, Note_on_c, 0, 61, 0
"
850,"3, 13408, Note_on_c, 0, 65, 0
"
851,"3, 13408, Note_on_c, 0, 69, 0
"
852,"3, 13408, Note_on_c, 0, 70, 91
"
853,"3, 13408, Note_on_c, 0, 73, 91
"
854,"3, 13408, Note_on_c, 0, 77, 91
"
855,"3, 13408, Note_on_c, 0, 81, 91
"
856,"3, 13472, Note_on_c, 0, 70, 0
"
857,"3, 13472, Note_on_c, 0, 73, 0
"
858,"3, 13472, Note_on_c, 0, 77, 0
"
859,"3, 13472, Note_on_c, 0, 81, 0
"
860,"3, 13472, Note_on_c, 0, 58, 91
"
861,"3, 13472, Note_on_c, 0, 61, 91
"
862,"3, 13472, Note_on_c, 0, 65, 91
"
863,"3, 13472, Note_on_c, 0, 69, 91
"
864,"3, 13536, Note_on_c, 0, 55, 0
"
865,"3, 13536, Note_on_c, 0, 58, 0
"
866,"3, 13536, Note_on_c, 0, 61, 0
"
867,"3, 13536, Note_on_c, 0, 65, 0
"
868,"3, 13536, Note_on_c, 0, 69, 0
"
869,"3, 13536, Note_on_c, 0, 57, 91
"
870,"3, 13536, Note_on_c, 0, 67, 91
"
871,"3, 13536, Note_on_c, 0, 69, 91
"
872,"3, 13536, Note_on_c, 0, 72, 91
"
873,"3, 13536, Note_on_c, 0, 76, 91
"
874,"3, 13600, Note_on_c, 0, 67, 0
"
875,"3, 13600, Note_on_c, 0, 69, 0
"
876,"3, 13600, Note_on_c, 0, 72, 0
"
877,"3, 13600, Note_on_c, 0, 76, 0
"
878,"3, 13600, Note_on_c, 0, 64, 91
"
879,"3, 13600, Note_on_c, 0, 67, 91
"
880,"3, 13600, Note_on_c, 0, 69, 91
"
881,"3, 13600, Note_on_c, 0, 72, 91
"
882,"3, 13664, Note_on_c, 0, 64, 0
"
883,"3, 13664, Note_on_c, 0, 67, 0
"
884,"3, 13664, Note_on_c, 0, 69, 0
"
885,"3, 13664, Note_on_c, 0, 72, 0
"
886,"3, 13664, Note_on_c, 0, 64, 91
"
887,"3, 13664, Note_on_c, 0, 67, 91
"
888,"3, 13664, Note_on_c, 0, 69, 91
"
889,"3, 13664, Note_on_c, 0, 72, 91
"
890,"3, 13728, Note_on_c, 0, 64, 0
"
891,"3, 13728, Note_on_c, 0, 67, 0
"
892,"3, 13728, Note_on_c, 0, 69, 0
"
893,"3, 13728, Note_on_c, 0, 72, 0
"
894,"3, 13728, Note_on_c, 0, 60, 91
"
895,"3, 13728, Note_on_c, 0, 64, 91
"
896,"3, 13728, Note_on_c, 0, 67, 91
"
897,"3, 13728, Note_on_c, 0, 69, 91
"
898,"3, 13824, Note_on_c, 0, 57, 0
"
899,"3, 13824, Note_on_c, 0, 60, 0
"
900,"3, 13824, Note_on_c, 0, 64, 0
"
901,"3, 13824, Note_on_c, 0, 67, 0
"
902,"3, 13824, Note_on_c, 0, 69, 0
"
903,"3, 13824, Note_on_c, 0, 55, 91
"
904,"3, 13824, Note_on_c, 0, 58, 91
"
905,"3, 13824, Note_on_c, 0, 61, 91
"
906,"3, 13824, Note_on_c, 0, 65, 91
"
907,"3, 13824, Note_on_c, 0, 69, 91
"
908,"3, 14112, Note_on_c, 0, 55, 0
"
909,"3, 14112, Note_on_c, 0, 58, 0
"
910,"3, 14112, Note_on_c, 0, 61, 0
"
911,"3, 14112, Note_on_c, 0, 65, 0
"
912,"3, 14112, Note_on_c, 0, 69, 0
"
913,"3, 14112, Note_on_c, 0, 57, 91
"
914,"3, 14112, Note_on_c, 0, 62, 91
"
915,"3, 14112, Note_on_c, 0, 69, 91
"
916,"3, 14160, Note_on_c, 0, 69, 0
"
917,"3, 14160, Note_on_c, 0, 65, 91
"
918,"3, 14208, Note_on_c, 0, 65, 0
"
919,"3, 14208, Note_on_c, 0, 65, 91
"
920,"3, 14304, Note_on_c, 0, 57, 0
"
921,"3, 14304, Note_on_c, 0, 62, 0
"
922,"3, 14304, Note_on_c, 0, 56, 91
"
923,"3, 14304, Note_on_c, 0, 61, 91
"
924,"3, 14352, Note_on_c, 0, 65, 0
"
925,"3, 14352, Note_on_c, 0, 64, 91
"
926,"3, 14400, Note_on_c, 0, 56, 0
"
927,"3, 14400, Note_on_c, 0, 61, 0
"
928,"3, 14400, Note_on_c, 0, 64, 0
"
929,"3, 14400, Note_on_c, 0, 55, 91
"
930,"3, 14400, Note_on_c, 0, 60, 91
"
931,"3, 14400, Note_on_c, 0, 67, 91
"
932,"3, 14448, Note_on_c, 0, 67, 0
"
933,"3, 14448, Note_on_c, 0, 64, 91
"
934,"3, 14496, Note_on_c, 0, 64, 0
"
935,"3, 14496, Note_on_c, 0, 64, 91
"
936,"3, 14592, Note_on_c, 0, 55, 0
"
937,"3, 14592, Note_on_c, 0, 60, 0
"
938,"3, 14592, Note_on_c, 0, 54, 91
"
939,"3, 14592, Note_on_c, 0, 59, 91
"
940,"3, 14640, Note_on_c, 0, 64, 0
"
941,"3, 14640, Note_on_c, 0, 63, 91
"
942,"3, 14688, Note_on_c, 0, 54, 0
"
943,"3, 14688, Note_on_c, 0, 59, 0
"
944,"3, 14688, Note_on_c, 0, 63, 0
"
945,"3, 14688, Note_on_c, 0, 53, 91
"
946,"3, 14688, Note_on_c, 0, 58, 91
"
947,"3, 14688, Note_on_c, 0, 62, 91
"
948,"3, 14736, Note_on_c, 0, 62, 0
"
949,"3, 14736, Note_on_c, 0, 65, 91
"
950,"3, 14784, Note_on_c, 0, 65, 0
"
951,"3, 14784, Note_on_c, 0, 62, 91
"
952,"3, 14880, Note_on_c, 0, 53, 0
"
953,"3, 14880, Note_on_c, 0, 58, 0
"
954,"3, 14880, Note_on_c, 0, 62, 0
"
955,"3, 14880, Note_on_c, 0, 50, 91
"
956,"3, 14880, Note_on_c, 0, 58, 91
"
957,"3, 14880, Note_on_c, 0, 62, 91
"
958,"3, 14880, Note_on_c, 0, 65, 91
"
959,"3, 14976, Note_on_c, 0, 50, 0
"
960,"3, 14976, Note_on_c, 0, 58, 0
"
961,"3, 14976, Note_on_c, 0, 62, 0
"
962,"3, 14976, Note_on_c, 0, 65, 0
"
963,"3, 14976, Note_on_c, 0, 52, 91
"
964,"3, 14976, Note_on_c, 0, 60, 91
"
965,"3, 14976, Note_on_c, 0, 64, 91
"
966,"3, 14976, Note_on_c, 0, 57, 91
"
967,"3, 14976, Note_on_c, 0, 67, 91
"
968,"3, 15072, Note_on_c, 0, 67, 0
"
969,"3, 15072, Note_on_c, 0, 72, 91
"
970,"3, 15078, Note_on_c, 0, 72, 0
"
971,"3, 15078, Note_on_c, 0, 84, 91
"
972,"3, 15168, Note_on_c, 0, 84, 0
"
973,"3, 15168, Note_on_c, 0, 72, 91
"
974,"3, 15264, Note_on_c, 0, 52, 0
"
975,"3, 15264, Note_on_c, 0, 60, 0
"
976,"3, 15264, Note_on_c, 0, 64, 0
"
977,"3, 15264, Note_on_c, 0, 57, 0
"
978,"3, 15264, Note_on_c, 0, 72, 0
"
979,"3, 15264, Note_on_c, 0, 65, 91
"
980,"3, 15264, Note_on_c, 0, 63, 91
"
981,"3, 15264, Note_on_c, 0, 72, 110
"
982,"3, 15312, Note_on_c, 0, 72, 0
"
983,"3, 15312, Note_on_c, 0, 68, 110
"
984,"3, 15360, Note_on_c, 0, 65, 0
"
985,"3, 15360, Note_on_c, 0, 63, 0
"
986,"3, 15360, Note_on_c, 0, 68, 0
"
987,"3, 15360, Note_on_c, 0, 53, 91
"
988,"3, 15360, Note_on_c, 0, 60, 91
"
989,"3, 15360, Note_on_c, 0, 63, 91
"
990,"3, 15360, Note_on_c, 0, 68, 110
"
991,"3, 15504, Note_on_c, 0, 68, 0
"
992,"3, 15504, Note_on_c, 0, 72, 110
"
993,"3, 15552, Note_on_c, 0, 53, 0
"
994,"3, 15552, Note_on_c, 0, 60, 0
"
995,"3, 15552, Note_on_c, 0, 63, 0
"
996,"3, 15552, Note_on_c, 0, 72, 0
"
997,"3, 15552, Note_on_c, 0, 52, 91
"
998,"3, 15552, Note_on_c, 0, 58, 91
"
999,"3, 15552, Note_on_c, 0, 63, 91
"
1000,"3, 15552, Note_on_c, 0, 68, 91
"
1001,"3, 15552, Note_on_c, 0, 72, 110
"
1002,"3, 15648, Note_on_c, 0, 84, 91
"
1003,"3, 15680, Note_on_c, 0, 84, 0
"
1004,"3, 15680, Note_on_c, 0, 80, 91
"
1005,"3, 15712, Note_on_c, 0, 80, 0
"
1006,"3, 15712, Note_on_c, 0, 85, 91
"
1007,"3, 15744, Note_on_c, 0, 85, 0
"
1008,"3, 15744, Note_on_c, 0, 84, 91
"
1009,"3, 15840, Note_on_c, 0, 52, 0
"
1010,"3, 15840, Note_on_c, 0, 58, 0
"
1011,"3, 15840, Note_on_c, 0, 63, 0
"
1012,"3, 15840, Note_on_c, 0, 68, 0
"
1013,"3, 15840, Note_on_c, 0, 72, 0
"
1014,"3, 15840, Note_on_c, 0, 65, 91
"
1015,"3, 15840, Note_on_c, 0, 63, 91
"
1016,"3, 15840, Note_on_c, 0, 72, 110
"
1017,"3, 15888, Note_on_c, 0, 72, 0
"
1018,"3, 15888, Note_on_c, 0, 68, 110
"
1019,"3, 15936, Note_on_c, 0, 84, 0
"
1020,"3, 15936, Note_on_c, 0, 65, 0
"
1021,"3, 15936, Note_on_c, 0, 63, 0
"
1022,"3, 15936, Note_on_c, 0, 68, 0
"
1023,"3, 15936, Note_on_c, 0, 53, 91
"
1024,"3, 15936, Note_on_c, 0, 60, 91
"
1025,"3, 15936, Note_on_c, 0, 63, 91
"
1026,"3, 15936, Note_on_c, 0, 68, 110
"
1027,"3, 16080, Note_on_c, 0, 68, 0
"
1028,"3, 16080, Note_on_c, 0, 72, 110
"
1029,"3, 16128, Note_on_c, 0, 53, 0
"
1030,"3, 16128, Note_on_c, 0, 60, 0
"
1031,"3, 16128, Note_on_c, 0, 63, 0
"
1032,"3, 16128, Note_on_c, 0, 72, 0
"
1033,"3, 16128, Note_on_c, 0, 52, 91
"
1034,"3, 16128, Note_on_c, 0, 58, 91
"
1035,"3, 16128, Note_on_c, 0, 63, 91
"
1036,"3, 16128, Note_on_c, 0, 68, 91
"
1037,"3, 16128, Note_on_c, 0, 72, 110
"
1038,"3, 16224, Note_on_c, 0, 85, 91
"
1039,"3, 16256, Note_on_c, 0, 85, 0
"
1040,"3, 16256, Note_on_c, 0, 80, 91
"
1041,"3, 16288, Note_on_c, 0, 80, 0
"
1042,"3, 16288, Note_on_c, 0, 84, 91
"
1043,"3, 16320, Note_on_c, 0, 84, 0
"
1044,"3, 16320, Note_on_c, 0, 84, 91
"
1045,"3, 16416, Note_on_c, 0, 52, 0
"
1046,"3, 16416, Note_on_c, 0, 58, 0
"
1047,"3, 16416, Note_on_c, 0, 63, 0
"
1048,"3, 16416, Note_on_c, 0, 68, 0
"
1049,"3, 16416, Note_on_c, 0, 72, 0
"
1050,"3, 16416, Note_on_c, 0, 55, 91
"
1051,"3, 16416, Note_on_c, 0, 60, 91
"
1052,"3, 16416, Note_on_c, 0, 64, 91
"
1053,"3, 16416, Note_on_c, 0, 72, 110
"
1054,"3, 16464, Note_on_c, 0, 72, 0
"
1055,"3, 16464, Note_on_c, 0, 69, 110
"
1056,"3, 16512, Note_on_c, 0, 84, 0
"
1057,"3, 16512, Note_on_c, 0, 69, 0
"
1058,"3, 16512, Note_on_c, 0, 69, 110
"
1059,"3, 16608, Note_on_c, 0, 55, 0
"
1060,"3, 16608, Note_on_c, 0, 60, 0
"
1061,"3, 16608, Note_on_c, 0, 64, 0
"
1062,"3, 16608, Note_on_c, 0, 55, 91
"
1063,"3, 16608, Note_on_c, 0, 61, 91
"
1064,"3, 16608, Note_on_c, 0, 65, 91
"
1065,"3, 16656, Note_on_c, 0, 69, 0
"
1066,"3, 16656, Note_on_c, 0, 72, 110
"
1067,"3, 16704, Note_on_c, 0, 55, 0
"
1068,"3, 16704, Note_on_c, 0, 61, 0
"
1069,"3, 16704, Note_on_c, 0, 65, 0
"
1070,"3, 16704, Note_on_c, 0, 72, 0
"
1071,"3, 16704, Note_on_c, 0, 54, 91
"
1072,"3, 16704, Note_on_c, 0, 60, 91
"
1073,"3, 16704, Note_on_c, 0, 64, 91
"
1074,"3, 16704, Note_on_c, 0, 72, 110
"
1075,"3, 16752, Note_on_c, 0, 72, 0
"
1076,"3, 16752, Note_on_c, 0, 69, 110
"
1077,"3, 16800, Note_on_c, 0, 69, 0
"
1078,"3, 16800, Note_on_c, 0, 69, 110
"
1079,"3, 16896, Note_on_c, 0, 54, 0
"
1080,"3, 16896, Note_on_c, 0, 60, 0
"
1081,"3, 16896, Note_on_c, 0, 64, 0
"
1082,"3, 16896, Note_on_c, 0, 54, 91
"
1083,"3, 16896, Note_on_c, 0, 60, 91
"
1084,"3, 16896, Note_on_c, 0, 63, 91
"
1085,"3, 16944, Note_on_c, 0, 69, 0
"
1086,"3, 16944, Note_on_c, 0, 70, 110
"
1087,"3, 16992, Note_on_c, 0, 54, 0
"
1088,"3, 16992, Note_on_c, 0, 60, 0
"
1089,"3, 16992, Note_on_c, 0, 63, 0
"
1090,"3, 16992, Note_on_c, 0, 70, 0
"
1091,"3, 16992, Note_on_c, 0, 53, 91
"
1092,"3, 16992, Note_on_c, 0, 58, 91
"
1093,"3, 16992, Note_on_c, 0, 62, 91
"
1094,"3, 16992, Note_on_c, 0, 70, 110
"
1095,"3, 17040, Note_on_c, 0, 70, 0
"
1096,"3, 17040, Note_on_c, 0, 67, 110
"
1097,"3, 17088, Note_on_c, 0, 67, 0
"
1098,"3, 17088, Note_on_c, 0, 67, 110
"
1099,"3, 17184, Note_on_c, 0, 53, 0
"
1100,"3, 17184, Note_on_c, 0, 58, 0
"
1101,"3, 17184, Note_on_c, 0, 62, 0
"
1102,"3, 17184, Note_on_c, 0, 67, 0
"
1103,"3, 17184, Note_on_c, 0, 53, 91
"
1104,"3, 17184, Note_on_c, 0, 59, 91
"
1105,"3, 17184, Note_on_c, 0, 63, 91
"
1106,"3, 17184, Note_on_c, 0, 69, 110
"
1107,"3, 17280, Note_on_c, 0, 53, 0
"
1108,"3, 17280, Note_on_c, 0, 59, 0
"
1109,"3, 17280, Note_on_c, 0, 63, 0
"
1110,"3, 17280, Note_on_c, 0, 69, 0
"
1111,"3, 17280, Note_on_c, 0, 52, 91
"
1112,"3, 17280, Note_on_c, 0, 58, 91
"
1113,"3, 17280, Note_on_c, 0, 62, 91
"
1114,"3, 17280, Note_on_c, 0, 69, 110
"
1115,"3, 17376, Note_on_c, 0, 70, 91
"
1116,"3, 17472, Note_on_c, 0, 52, 0
"
1117,"3, 17472, Note_on_c, 0, 58, 0
"
1118,"3, 17472, Note_on_c, 0, 62, 0
"
1119,"3, 17472, Note_on_c, 0, 70, 0
"
1120,"3, 17472, Note_on_c, 0, 58, 91
"
1121,"3, 17472, Note_on_c, 0, 61, 91
"
1122,"3, 17472, Note_on_c, 0, 64, 91
"
1123,"3, 17472, Note_on_c, 0, 69, 91
"
1124,"3, 17568, Note_on_c, 0, 69, 0
"
1125,"3, 17568, Note_on_c, 0, 58, 0
"
1126,"3, 17568, Note_on_c, 0, 61, 0
"
1127,"3, 17568, Note_on_c, 0, 64, 0
"
1128,"3, 17568, Note_on_c, 0, 69, 0
"
1129,"3, 17568, Note_on_c, 0, 57, 91
"
1130,"3, 17568, Note_on_c, 0, 64, 91
"
1131,"3, 17568, Note_on_c, 0, 67, 91
"
1132,"3, 17568, Note_on_c, 0, 76, 110
"
1133,"3, 17616, Note_on_c, 0, 76, 0
"
1134,"3, 17616, Note_on_c, 0, 72, 110
"
1135,"3, 17664, Note_on_c, 0, 72, 0
"
1136,"3, 17664, Note_on_c, 0, 72, 110
"
1137,"3, 17760, Note_on_c, 0, 64, 0
"
1138,"3, 17760, Note_on_c, 0, 67, 0
"
1139,"3, 17760, Note_on_c, 0, 60, 91
"
1140,"3, 17760, Note_on_c, 0, 64, 91
"
1141,"3, 17760, Note_on_c, 0, 67, 91
"
1142,"3, 17808, Note_on_c, 0, 72, 0
"
1143,"3, 17808, Note_on_c, 0, 69, 110
"
1144,"3, 17856, Note_on_c, 0, 57, 0
"
1145,"3, 17856, Note_on_c, 0, 60, 0
"
1146,"3, 17856, Note_on_c, 0, 64, 0
"
1147,"3, 17856, Note_on_c, 0, 67, 0
"
1148,"3, 17856, Note_on_c, 0, 69, 0
"
1149,"3, 17856, Note_on_c, 0, 55, 91
"
1150,"3, 17856, Note_on_c, 0, 61, 91
"
1151,"3, 17856, Note_on_c, 0, 65, 91
"
1152,"3, 17856, Note_on_c, 0, 69, 110
"
1153,"3, 17888, Note_on_c, 0, 72, 91
"
1154,"3, 17920, Note_on_c, 0, 72, 0
"
1155,"3, 17920, Note_on_c, 0, 77, 91
"
1156,"3, 17952, Note_on_c, 0, 77, 0
"
1157,"3, 17952, Note_on_c, 0, 81, 91
"
1158,"3, 18080, Note_on_c, 0, 81, 0
"
1159,"3, 18080, Note_on_c, 0, 79, 91
"
1160,"3, 18144, Note_on_c, 0, 55, 0
"
1161,"3, 18144, Note_on_c, 0, 61, 0
"
1162,"3, 18144, Note_on_c, 0, 65, 0
"
1163,"3, 18144, Note_on_c, 0, 69, 0
"
1164,"3, 18144, Note_on_c, 0, 79, 0
"
1165,"3, 18144, Note_on_c, 0, 57, 91
"
1166,"3, 18144, Note_on_c, 0, 64, 91
"
1167,"3, 18144, Note_on_c, 0, 67, 91
"
1168,"3, 18144, Note_on_c, 0, 76, 110
"
1169,"3, 18192, Note_on_c, 0, 76, 0
"
1170,"3, 18192, Note_on_c, 0, 72, 110
"
1171,"3, 18240, Note_on_c, 0, 72, 0
"
1172,"3, 18240, Note_on_c, 0, 72, 110
"
1173,"3, 18336, Note_on_c, 0, 64, 0
"
1174,"3, 18336, Note_on_c, 0, 67, 0
"
1175,"3, 18336, Note_on_c, 0, 60, 91
"
1176,"3, 18336, Note_on_c, 0, 64, 91
"
1177,"3, 18336, Note_on_c, 0, 67, 91
"
1178,"3, 18384, Note_on_c, 0, 72, 0
"
1179,"3, 18384, Note_on_c, 0, 69, 110
"
1180,"3, 18432, Note_on_c, 0, 57, 0
"
1181,"3, 18432, Note_on_c, 0, 60, 0
"
1182,"3, 18432, Note_on_c, 0, 64, 0
"
1183,"3, 18432, Note_on_c, 0, 67, 0
"
1184,"3, 18432, Note_on_c, 0, 69, 0
"
1185,"3, 18432, Note_on_c, 0, 55, 91
"
1186,"3, 18432, Note_on_c, 0, 61, 91
"
1187,"3, 18432, Note_on_c, 0, 65, 91
"
1188,"3, 18432, Note_on_c, 0, 69, 110
"
1189,"3, 18464, Note_on_c, 0, 72, 91
"
1190,"3, 18496, Note_on_c, 0, 72, 0
"
1191,"3, 18496, Note_on_c, 0, 77, 91
"
1192,"3, 18528, Note_on_c, 0, 77, 0
"
1193,"3, 18528, Note_on_c, 0, 81, 91
"
1194,"3, 18592, Note_on_c, 0, 55, 0
"
1195,"3, 18592, Note_on_c, 0, 61, 0
"
1196,"3, 18592, Note_on_c, 0, 65, 0
"
1197,"3, 18592, Note_on_c, 0, 81, 0
"
1198,"3, 18592, Note_on_c, 0, 61, 91
"
1199,"3, 18592, Note_on_c, 0, 69, 91
"
1200,"3, 18592, Note_on_c, 0, 72, 91
"
1201,"3, 18592, Note_on_c, 0, 77, 91
"
1202,"3, 18656, Note_on_c, 0, 69, 0
"
1203,"3, 18656, Note_on_c, 0, 61, 0
"
1204,"3, 18656, Note_on_c, 0, 72, 0
"
1205,"3, 18656, Note_on_c, 0, 77, 0
"
1206,"3, 18656, Note_on_c, 0, 61, 91
"
1207,"3, 18656, Note_on_c, 0, 65, 91
"
1208,"3, 18656, Note_on_c, 0, 69, 91
"
1209,"3, 18656, Note_on_c, 0, 72, 91
"
1210,"3, 18720, Note_on_c, 0, 69, 0
"
1211,"3, 18720, Note_on_c, 0, 61, 0
"
1212,"3, 18720, Note_on_c, 0, 65, 0
"
1213,"3, 18720, Note_on_c, 0, 69, 0
"
1214,"3, 18720, Note_on_c, 0, 72, 0
"
1215,"3, 18720, Note_on_c, 0, 57, 91
"
1216,"3, 18720, Note_on_c, 0, 62, 91
"
1217,"3, 18720, Note_on_c, 0, 69, 110
"
1218,"3, 18768, Note_on_c, 0, 69, 0
"
1219,"3, 18768, Note_on_c, 0, 65, 110
"
1220,"3, 18816, Note_on_c, 0, 65, 0
"
1221,"3, 18816, Note_on_c, 0, 65, 110
"
1222,"3, 18912, Note_on_c, 0, 57, 0
"
1223,"3, 18912, Note_on_c, 0, 62, 0
"
1224,"3, 18912, Note_on_c, 0, 56, 91
"
1225,"3, 18912, Note_on_c, 0, 61, 91
"
1226,"3, 18960, Note_on_c, 0, 65, 0
"
1227,"3, 18960, Note_on_c, 0, 64, 110
"
1228,"3, 19008, Note_on_c, 0, 56, 0
"
1229,"3, 19008, Note_on_c, 0, 61, 0
"
1230,"3, 19008, Note_on_c, 0, 64, 0
"
1231,"3, 19008, Note_on_c, 0, 55, 91
"
1232,"3, 19008, Note_on_c, 0, 60, 91
"
1233,"3, 19008, Note_on_c, 0, 67, 110
"
1234,"3, 19056, Note_on_c, 0, 67, 0
"
1235,"3, 19056, Note_on_c, 0, 64, 110
"
1236,"3, 19104, Note_on_c, 0, 64, 0
"
1237,"3, 19104, Note_on_c, 0, 64, 110
"
1238,"3, 19200, Note_on_c, 0, 55, 0
"
1239,"3, 19200, Note_on_c, 0, 60, 0
"
1240,"3, 19200, Note_on_c, 0, 54, 91
"
1241,"3, 19200, Note_on_c, 0, 59, 91
"
1242,"3, 19248, Note_on_c, 0, 64, 0
"
1243,"3, 19248, Note_on_c, 0, 63, 110
"
1244,"3, 19296, Note_on_c, 0, 54, 0
"
1245,"3, 19296, Note_on_c, 0, 59, 0
"
1246,"3, 19296, Note_on_c, 0, 63, 0
"
1247,"3, 19296, Note_on_c, 0, 53, 91
"
1248,"3, 19296, Note_on_c, 0, 58, 91
"
1249,"3, 19296, Note_on_c, 0, 62, 110
"
1250,"3, 19344, Note_on_c, 0, 62, 0
"
1251,"3, 19344, Note_on_c, 0, 65, 110
"
1252,"3, 19392, Note_on_c, 0, 65, 0
"
1253,"3, 19392, Note_on_c, 0, 62, 110
"
1254,"3, 19488, Note_on_c, 0, 53, 0
"
1255,"3, 19488, Note_on_c, 0, 58, 0
"
1256,"3, 19488, Note_on_c, 0, 62, 0
"
1257,"3, 19488, Note_on_c, 0, 50, 91
"
1258,"3, 19488, Note_on_c, 0, 58, 91
"
1259,"3, 19488, Note_on_c, 0, 62, 91
"
1260,"3, 19488, Note_on_c, 0, 65, 110
"
1261,"3, 19584, Note_on_c, 0, 50, 0
"
1262,"3, 19584, Note_on_c, 0, 58, 0
"
1263,"3, 19584, Note_on_c, 0, 62, 0
"
1264,"3, 19584, Note_on_c, 0, 65, 0
"
1265,"3, 19584, Note_on_c, 0, 67, 110
"
1266,"3, 19584, Note_on_c, 0, 64, 91
"
1267,"3, 19584, Note_on_c, 0, 60, 91
"
1268,"3, 19584, Note_on_c, 0, 57, 91
"
1269,"3, 19584, Note_on_c, 0, 52, 91
"
1270,"3, 21024, Note_on_c, 0, 67, 0
"
1271,"3, 21024, Note_on_c, 0, 64, 0
"
1272,"3, 21024, Note_on_c, 0, 60, 0
"
1273,"3, 21024, Note_on_c, 0, 57, 0
"
1274,"3, 21024, Note_on_c, 0, 52, 0
"
1275,"3, 21024, End_track
"
1276,"4, 0, Start_track
"
1277,"4, 0, Title_t, ""Fretless Bass""
"
1278,"4, 0, MIDI_port, 0
"
1279,"4, 94, Control_c, 1, 0, 0
"
1280,"4, 95, Control_c, 1, 32, 0
"
1281,"4, 96, Program_c, 1, 35
"
1282,"4, 96, Control_c, 1, 7, 90
"
1283,"4, 96, Control_c, 1, 91, 50
"
1284,"4, 96, Control_c, 1, 93, 100
"
1285,"4, 96, Control_c, 1, 10, 74
"
1286,"4, 288, Note_on_c, 1, 41, 96
"
1287,"4, 506, Note_on_c, 1, 41, 0
"
1288,"4, 512, Note_on_c, 1, 47, 96
"
1289,"4, 542, Note_on_c, 1, 47, 0
"
1290,"4, 544, Note_on_c, 1, 48, 96
"
1291,"4, 574, Note_on_c, 1, 48, 0
"
1292,"4, 576, Note_on_c, 1, 36, 96
"
1293,"4, 856, Note_on_c, 1, 36, 0
"
1294,"4, 864, Note_on_c, 1, 41, 96
"
1295,"4, 1082, Note_on_c, 1, 41, 0
"
1296,"4, 1088, Note_on_c, 1, 47, 96
"
1297,"4, 1118, Note_on_c, 1, 47, 0
"
1298,"4, 1120, Note_on_c, 1, 48, 96
"
1299,"4, 1150, Note_on_c, 1, 48, 0
"
1300,"4, 1152, Note_on_c, 1, 36, 96
"
1301,"4, 1432, Note_on_c, 1, 36, 0
"
1302,"4, 1440, Note_on_c, 1, 41, 96
"
1303,"4, 1720, Note_on_c, 1, 41, 0
"
1304,"4, 1728, Note_on_c, 1, 39, 96
"
1305,"4, 2008, Note_on_c, 1, 39, 0
"
1306,"4, 2016, Note_on_c, 1, 41, 96
"
1307,"4, 2296, Note_on_c, 1, 41, 0
"
1308,"4, 2304, Note_on_c, 1, 39, 96
"
1309,"4, 2584, Note_on_c, 1, 39, 0
"
1310,"4, 2592, Note_on_c, 1, 47, 96
"
1311,"4, 2778, Note_on_c, 1, 47, 0
"
1312,"4, 2784, Note_on_c, 1, 46, 96
"
1313,"4, 2876, Note_on_c, 1, 46, 0
"
1314,"4, 2880, Note_on_c, 1, 45, 96
"
1315,"4, 3066, Note_on_c, 1, 45, 0
"
1316,"4, 3072, Note_on_c, 1, 44, 96
"
1317,"4, 3164, Note_on_c, 1, 44, 0
"
1318,"4, 3168, Note_on_c, 1, 43, 96
"
1319,"4, 3354, Note_on_c, 1, 43, 0
"
1320,"4, 3360, Note_on_c, 1, 36, 96
"
1321,"4, 3452, Note_on_c, 1, 36, 0
"
1322,"4, 3456, Note_on_c, 1, 41, 96
"
1323,"4, 3736, Note_on_c, 1, 41, 0
"
1324,"4, 3744, Note_on_c, 1, 41, 96
"
1325,"4, 4024, Note_on_c, 1, 41, 0
"
1326,"4, 4032, Note_on_c, 1, 39, 96
"
1327,"4, 4312, Note_on_c, 1, 39, 0
"
1328,"4, 4320, Note_on_c, 1, 41, 96
"
1329,"4, 4600, Note_on_c, 1, 41, 0
"
1330,"4, 4608, Note_on_c, 1, 39, 96
"
1331,"4, 4888, Note_on_c, 1, 39, 0
"
1332,"4, 4896, Note_on_c, 1, 47, 96
"
1333,"4, 5082, Note_on_c, 1, 47, 0
"
1334,"4, 5088, Note_on_c, 1, 46, 96
"
1335,"4, 5180, Note_on_c, 1, 46, 0
"
1336,"4, 5184, Note_on_c, 1, 45, 96
"
1337,"4, 5370, Note_on_c, 1, 45, 0
"
1338,"4, 5376, Note_on_c, 1, 44, 96
"
1339,"4, 5468, Note_on_c, 1, 44, 0
"
1340,"4, 5472, Note_on_c, 1, 43, 96
"
1341,"4, 5658, Note_on_c, 1, 43, 0
"
1342,"4, 5664, Note_on_c, 1, 36, 96
"
1343,"4, 5756, Note_on_c, 1, 36, 0
"
1344,"4, 5760, Note_on_c, 1, 41, 96
"
1345,"4, 6040, Note_on_c, 1, 41, 0
"
1346,"4, 6048, Note_on_c, 1, 37, 96
"
1347,"4, 6328, Note_on_c, 1, 37, 0
"
1348,"4, 6336, Note_on_c, 1, 42, 96
"
1349,"4, 6616, Note_on_c, 1, 42, 0
"
1350,"4, 6624, Note_on_c, 1, 37, 96
"
1351,"4, 6904, Note_on_c, 1, 37, 0
"
1352,"4, 6912, Note_on_c, 1, 42, 96
"
1353,"4, 7192, Note_on_c, 1, 42, 0
"
1354,"4, 7200, Note_on_c, 1, 45, 96
"
1355,"4, 7386, Note_on_c, 1, 45, 0
"
1356,"4, 7392, Note_on_c, 1, 39, 96
"
1357,"4, 7484, Note_on_c, 1, 39, 0
"
1358,"4, 7488, Note_on_c, 1, 38, 96
"
1359,"4, 7674, Note_on_c, 1, 38, 0
"
1360,"4, 7680, Note_on_c, 1, 50, 96
"
1361,"4, 7772, Note_on_c, 1, 50, 0
"
1362,"4, 7776, Note_on_c, 1, 43, 96
"
1363,"4, 7962, Note_on_c, 1, 43, 0
"
1364,"4, 7968, Note_on_c, 1, 37, 96
"
1365,"4, 8060, Note_on_c, 1, 37, 0
"
1366,"4, 8064, Note_on_c, 1, 36, 96
"
1367,"4, 8250, Note_on_c, 1, 36, 0
"
1368,"4, 8256, Note_on_c, 1, 48, 96
"
1369,"4, 8348, Note_on_c, 1, 48, 0
"
1370,"4, 8352, Note_on_c, 1, 41, 96
"
1371,"4, 8632, Note_on_c, 1, 41, 0
"
1372,"4, 8640, Note_on_c, 1, 39, 96
"
1373,"4, 8920, Note_on_c, 1, 39, 0
"
1374,"4, 8928, Note_on_c, 1, 41, 96
"
1375,"4, 9208, Note_on_c, 1, 41, 0
"
1376,"4, 9216, Note_on_c, 1, 39, 96
"
1377,"4, 9371, Note_on_c, 1, 39, 0
"
1378,"4, 9376, Note_on_c, 1, 55, 96
"
1379,"4, 9437, Note_on_c, 1, 55, 0
"
1380,"4, 9440, Note_on_c, 1, 55, 96
"
1381,"4, 9501, Note_on_c, 1, 55, 0
"
1382,"4, 9504, Note_on_c, 1, 47, 96
"
1383,"4, 9690, Note_on_c, 1, 47, 0
"
1384,"4, 9696, Note_on_c, 1, 46, 96
"
1385,"4, 9788, Note_on_c, 1, 46, 0
"
1386,"4, 9792, Note_on_c, 1, 45, 96
"
1387,"4, 9978, Note_on_c, 1, 45, 0
"
1388,"4, 9984, Note_on_c, 1, 44, 96
"
1389,"4, 10076, Note_on_c, 1, 44, 0
"
1390,"4, 10080, Note_on_c, 1, 43, 96
"
1391,"4, 10266, Note_on_c, 1, 43, 0
"
1392,"4, 10272, Note_on_c, 1, 36, 96
"
1393,"4, 10364, Note_on_c, 1, 36, 0
"
1394,"4, 10368, Note_on_c, 1, 41, 96
"
1395,"4, 10617, Note_on_c, 1, 41, 0
"
1396,"4, 10624, Note_on_c, 1, 48, 96
"
1397,"4, 10654, Note_on_c, 1, 48, 0
"
1398,"4, 10656, Note_on_c, 1, 53, 96
"
1399,"4, 10811, Note_on_c, 1, 53, 0
"
1400,"4, 10816, Note_on_c, 1, 53, 96
"
1401,"4, 10846, Note_on_c, 1, 53, 0
"
1402,"4, 10848, Note_on_c, 1, 48, 96
"
1403,"4, 10940, Note_on_c, 1, 48, 0
"
1404,"4, 10944, Note_on_c, 1, 51, 96
"
1405,"4, 11083, Note_on_c, 1, 51, 0
"
1406,"4, 11088, Note_on_c, 1, 51, 96
"
1407,"4, 11133, Note_on_c, 1, 51, 0
"
1408,"4, 11136, Note_on_c, 1, 46, 96
"
1409,"4, 11228, Note_on_c, 1, 46, 0
"
1410,"4, 11232, Note_on_c, 1, 53, 96
"
1411,"4, 11387, Note_on_c, 1, 53, 0
"
1412,"4, 11392, Note_on_c, 1, 53, 96
"
1413,"4, 11422, Note_on_c, 1, 53, 0
"
1414,"4, 11424, Note_on_c, 1, 48, 96
"
1415,"4, 11516, Note_on_c, 1, 48, 0
"
1416,"4, 11520, Note_on_c, 1, 51, 96
"
1417,"4, 11659, Note_on_c, 1, 51, 0
"
1418,"4, 11664, Note_on_c, 1, 51, 96
"
1419,"4, 11709, Note_on_c, 1, 51, 0
"
1420,"4, 11712, Note_on_c, 1, 41, 96
"
1421,"4, 11804, Note_on_c, 1, 41, 0
"
1422,"4, 11808, Note_on_c, 1, 47, 96
"
1423,"4, 11994, Note_on_c, 1, 47, 0
"
1424,"4, 12000, Note_on_c, 1, 46, 96
"
1425,"4, 12092, Note_on_c, 1, 46, 0
"
1426,"4, 12096, Note_on_c, 1, 45, 96
"
1427,"4, 12282, Note_on_c, 1, 45, 0
"
1428,"4, 12288, Note_on_c, 1, 44, 96
"
1429,"4, 12380, Note_on_c, 1, 44, 0
"
1430,"4, 12384, Note_on_c, 1, 43, 96
"
1431,"4, 12570, Note_on_c, 1, 43, 0
"
1432,"4, 12576, Note_on_c, 1, 36, 96
"
1433,"4, 12668, Note_on_c, 1, 36, 0
"
1434,"4, 12672, Note_on_c, 1, 41, 96
"
1435,"4, 12858, Note_on_c, 1, 41, 0
"
1436,"4, 12864, Note_on_c, 1, 55, 96
"
1437,"4, 12925, Note_on_c, 1, 55, 0
"
1438,"4, 12928, Note_on_c, 1, 48, 96
"
1439,"4, 12958, Note_on_c, 1, 48, 0
"
1440,"4, 12960, Note_on_c, 1, 53, 96
"
1441,"4, 13115, Note_on_c, 1, 53, 0
"
1442,"4, 13120, Note_on_c, 1, 53, 96
"
1443,"4, 13150, Note_on_c, 1, 53, 0
"
1444,"4, 13152, Note_on_c, 1, 48, 96
"
1445,"4, 13182, Note_on_c, 1, 48, 0
"
1446,"4, 13184, Note_on_c, 1, 53, 96
"
1447,"4, 13214, Note_on_c, 1, 53, 0
"
1448,"4, 13216, Note_on_c, 1, 48, 96
"
1449,"4, 13246, Note_on_c, 1, 48, 0
"
1450,"4, 13248, Note_on_c, 1, 51, 96
"
1451,"4, 13434, Note_on_c, 1, 51, 0
"
1452,"4, 13440, Note_on_c, 1, 48, 96
"
1453,"4, 13532, Note_on_c, 1, 48, 0
"
1454,"4, 13536, Note_on_c, 1, 41, 96
"
1455,"4, 13722, Note_on_c, 1, 41, 0
"
1456,"4, 13728, Note_on_c, 1, 48, 96
"
1457,"4, 13758, Note_on_c, 1, 48, 0
"
1458,"4, 13760, Note_on_c, 1, 53, 96
"
1459,"4, 13790, Note_on_c, 1, 53, 0
"
1460,"4, 13792, Note_on_c, 1, 48, 96
"
1461,"4, 13822, Note_on_c, 1, 48, 0
"
1462,"4, 13824, Note_on_c, 1, 51, 96
"
1463,"4, 14010, Note_on_c, 1, 51, 0
"
1464,"4, 14016, Note_on_c, 1, 48, 96
"
1465,"4, 14108, Note_on_c, 1, 48, 0
"
1466,"4, 14112, Note_on_c, 1, 47, 96
"
1467,"4, 14298, Note_on_c, 1, 47, 0
"
1468,"4, 14304, Note_on_c, 1, 46, 96
"
1469,"4, 14396, Note_on_c, 1, 46, 0
"
1470,"4, 14400, Note_on_c, 1, 45, 96
"
1471,"4, 14586, Note_on_c, 1, 45, 0
"
1472,"4, 14592, Note_on_c, 1, 44, 96
"
1473,"4, 14684, Note_on_c, 1, 44, 0
"
1474,"4, 14688, Note_on_c, 1, 43, 96
"
1475,"4, 14874, Note_on_c, 1, 43, 0
"
1476,"4, 14880, Note_on_c, 1, 36, 96
"
1477,"4, 14972, Note_on_c, 1, 36, 0
"
1478,"4, 14976, Note_on_c, 1, 41, 96
"
1479,"4, 15256, Note_on_c, 1, 41, 0
"
1480,"4, 15264, Note_on_c, 1, 37, 96
"
1481,"4, 15544, Note_on_c, 1, 37, 0
"
1482,"4, 15552, Note_on_c, 1, 42, 96
"
1483,"4, 15832, Note_on_c, 1, 42, 0
"
1484,"4, 15840, Note_on_c, 1, 37, 96
"
1485,"4, 16120, Note_on_c, 1, 37, 0
"
1486,"4, 16128, Note_on_c, 1, 42, 96
"
1487,"4, 16408, Note_on_c, 1, 42, 0
"
1488,"4, 16416, Note_on_c, 1, 45, 96
"
1489,"4, 16602, Note_on_c, 1, 45, 0
"
1490,"4, 16608, Note_on_c, 1, 39, 96
"
1491,"4, 16700, Note_on_c, 1, 39, 0
"
1492,"4, 16704, Note_on_c, 1, 38, 96
"
1493,"4, 16890, Note_on_c, 1, 38, 0
"
1494,"4, 16896, Note_on_c, 1, 50, 96
"
1495,"4, 16988, Note_on_c, 1, 50, 0
"
1496,"4, 16992, Note_on_c, 1, 43, 96
"
1497,"4, 17178, Note_on_c, 1, 43, 0
"
1498,"4, 17184, Note_on_c, 1, 37, 96
"
1499,"4, 17276, Note_on_c, 1, 37, 0
"
1500,"4, 17280, Note_on_c, 1, 36, 96
"
1501,"4, 17466, Note_on_c, 1, 36, 0
"
1502,"4, 17472, Note_on_c, 1, 48, 96
"
1503,"4, 17564, Note_on_c, 1, 48, 0
"
1504,"4, 17568, Note_on_c, 1, 41, 96
"
1505,"4, 17848, Note_on_c, 1, 41, 0
"
1506,"4, 17856, Note_on_c, 1, 39, 96
"
1507,"4, 18136, Note_on_c, 1, 39, 0
"
1508,"4, 18144, Note_on_c, 1, 41, 96
"
1509,"4, 18424, Note_on_c, 1, 41, 0
"
1510,"4, 18432, Note_on_c, 1, 39, 96
"
1511,"4, 18587, Note_on_c, 1, 39, 0
"
1512,"4, 18592, Note_on_c, 1, 55, 96
"
1513,"4, 18653, Note_on_c, 1, 55, 0
"
1514,"4, 18656, Note_on_c, 1, 55, 96
"
1515,"4, 18717, Note_on_c, 1, 55, 0
"
1516,"4, 18720, Note_on_c, 1, 47, 96
"
1517,"4, 18906, Note_on_c, 1, 47, 0
"
1518,"4, 18912, Note_on_c, 1, 46, 96
"
1519,"4, 19004, Note_on_c, 1, 46, 0
"
1520,"4, 19008, Note_on_c, 1, 45, 96
"
1521,"4, 19194, Note_on_c, 1, 45, 0
"
1522,"4, 19200, Note_on_c, 1, 44, 96
"
1523,"4, 19292, Note_on_c, 1, 44, 0
"
1524,"4, 19296, Note_on_c, 1, 43, 96
"
1525,"4, 19482, Note_on_c, 1, 43, 0
"
1526,"4, 19488, Note_on_c, 1, 36, 96
"
1527,"4, 19580, Note_on_c, 1, 36, 0
"
1528,"4, 19584, Note_on_c, 1, 41, 96
"
1529,"4, 20992, Note_on_c, 1, 41, 0
"
1530,"4, 20992, End_track
"
1531,"5, 0, Start_track
"
1532,"5, 0, Title_t, ""Brush Drum Set""
"
1533,"5, 0, MIDI_port, 0
"
1534,"5, 96, Control_c, 9, 32, 0
"
1535,"5, 96, Control_c, 9, 0, 0
"
1536,"5, 96, Program_c, 9, 40
"
1537,"5, 96, Control_c, 9, 7, 90
"
1538,"5, 96, Control_c, 9, 91, 100
"
1539,"5, 96, Control_c, 9, 93, 0
"
1540,"5, 96, Control_c, 9, 10, 64
"
1541,"5, 288, Note_on_c, 9, 51, 74
"
1542,"5, 288, Note_on_c, 9, 36, 76
"
1543,"5, 303, Note_on_c, 9, 36, 0
"
1544,"5, 319, Note_on_c, 9, 51, 0
"
1545,"5, 352, Note_on_c, 9, 38, 116
"
1546,"5, 383, Note_on_c, 9, 38, 0
"
1547,"5, 384, Note_on_c, 9, 51, 80
"
1548,"5, 384, Note_on_c, 9, 44, 120
"
1549,"5, 415, Note_on_c, 9, 51, 0
"
1550,"5, 415, Note_on_c, 9, 44, 0
"
1551,"5, 480, Note_on_c, 9, 38, 104
"
1552,"5, 480, Note_on_c, 9, 51, 76
"
1553,"5, 511, Note_on_c, 9, 38, 0
"
1554,"5, 511, Note_on_c, 9, 51, 0
"
1555,"5, 512, Note_on_c, 9, 36, 76
"
1556,"5, 527, Note_on_c, 9, 36, 0
"
1557,"5, 544, Note_on_c, 9, 36, 76
"
1558,"5, 559, Note_on_c, 9, 36, 0
"
1559,"5, 576, Note_on_c, 9, 51, 74
"
1560,"5, 576, Note_on_c, 9, 36, 76
"
1561,"5, 591, Note_on_c, 9, 36, 0
"
1562,"5, 607, Note_on_c, 9, 51, 0
"
1563,"5, 672, Note_on_c, 9, 51, 80
"
1564,"5, 672, Note_on_c, 9, 38, 104
"
1565,"5, 672, Note_on_c, 9, 44, 120
"
1566,"5, 703, Note_on_c, 9, 51, 0
"
1567,"5, 703, Note_on_c, 9, 38, 0
"
1568,"5, 703, Note_on_c, 9, 44, 0
"
1569,"5, 768, Note_on_c, 9, 38, 118
"
1570,"5, 768, Note_on_c, 9, 51, 76
"
1571,"5, 799, Note_on_c, 9, 38, 0
"
1572,"5, 799, Note_on_c, 9, 51, 0
"
1573,"5, 864, Note_on_c, 9, 36, 76
"
1574,"5, 864, Note_on_c, 9, 51, 74
"
1575,"5, 879, Note_on_c, 9, 36, 0
"
1576,"5, 895, Note_on_c, 9, 51, 0
"
1577,"5, 928, Note_on_c, 9, 38, 116
"
1578,"5, 959, Note_on_c, 9, 38, 0
"
1579,"5, 960, Note_on_c, 9, 44, 120
"
1580,"5, 960, Note_on_c, 9, 51, 80
"
1581,"5, 991, Note_on_c, 9, 44, 0
"
1582,"5, 991, Note_on_c, 9, 51, 0
"
1583,"5, 1056, Note_on_c, 9, 38, 104
"
1584,"5, 1056, Note_on_c, 9, 51, 76
"
1585,"5, 1087, Note_on_c, 9, 38, 0
"
1586,"5, 1087, Note_on_c, 9, 51, 0
"
1587,"5, 1088, Note_on_c, 9, 36, 76
"
1588,"5, 1103, Note_on_c, 9, 36, 0
"
1589,"5, 1120, Note_on_c, 9, 36, 76
"
1590,"5, 1135, Note_on_c, 9, 36, 0
"
1591,"5, 1152, Note_on_c, 9, 51, 74
"
1592,"5, 1152, Note_on_c, 9, 36, 76
"
1593,"5, 1167, Note_on_c, 9, 36, 0
"
1594,"5, 1183, Note_on_c, 9, 51, 0
"
1595,"5, 1248, Note_on_c, 9, 51, 80
"
1596,"5, 1248, Note_on_c, 9, 38, 104
"
1597,"5, 1248, Note_on_c, 9, 44, 120
"
1598,"5, 1279, Note_on_c, 9, 51, 0
"
1599,"5, 1279, Note_on_c, 9, 38, 0
"
1600,"5, 1279, Note_on_c, 9, 44, 0
"
1601,"5, 1344, Note_on_c, 9, 38, 118
"
1602,"5, 1344, Note_on_c, 9, 51, 76
"
1603,"5, 1375, Note_on_c, 9, 38, 0
"
1604,"5, 1375, Note_on_c, 9, 51, 0
"
1605,"5, 1440, Note_on_c, 9, 36, 76
"
1606,"5, 1440, Note_on_c, 9, 51, 80
"
1607,"5, 1455, Note_on_c, 9, 36, 0
"
1608,"5, 1471, Note_on_c, 9, 51, 0
"
1609,"5, 1504, Note_on_c, 9, 38, 116
"
1610,"5, 1535, Note_on_c, 9, 38, 0
"
1611,"5, 1536, Note_on_c, 9, 44, 120
"
1612,"5, 1536, Note_on_c, 9, 51, 80
"
1613,"5, 1567, Note_on_c, 9, 44, 0
"
1614,"5, 1567, Note_on_c, 9, 51, 0
"
1615,"5, 1632, Note_on_c, 9, 38, 104
"
1616,"5, 1632, Note_on_c, 9, 51, 76
"
1617,"5, 1663, Note_on_c, 9, 38, 0
"
1618,"5, 1663, Note_on_c, 9, 51, 0
"
1619,"5, 1728, Note_on_c, 9, 51, 74
"
1620,"5, 1728, Note_on_c, 9, 36, 76
"
1621,"5, 1743, Note_on_c, 9, 36, 0
"
1622,"5, 1759, Note_on_c, 9, 51, 0
"
1623,"5, 1824, Note_on_c, 9, 38, 104
"
1624,"5, 1824, Note_on_c, 9, 51, 80
"
1625,"5, 1824, Note_on_c, 9, 44, 120
"
1626,"5, 1855, Note_on_c, 9, 38, 0
"
1627,"5, 1855, Note_on_c, 9, 51, 0
"
1628,"5, 1855, Note_on_c, 9, 44, 0
"
1629,"5, 1920, Note_on_c, 9, 51, 76
"
1630,"5, 1920, Note_on_c, 9, 38, 118
"
1631,"5, 1951, Note_on_c, 9, 51, 0
"
1632,"5, 1951, Note_on_c, 9, 38, 0
"
1633,"5, 2016, Note_on_c, 9, 36, 76
"
1634,"5, 2016, Note_on_c, 9, 51, 74
"
1635,"5, 2031, Note_on_c, 9, 36, 0
"
1636,"5, 2047, Note_on_c, 9, 51, 0
"
1637,"5, 2080, Note_on_c, 9, 38, 116
"
1638,"5, 2111, Note_on_c, 9, 38, 0
"
1639,"5, 2112, Note_on_c, 9, 44, 120
"
1640,"5, 2112, Note_on_c, 9, 51, 80
"
1641,"5, 2143, Note_on_c, 9, 44, 0
"
1642,"5, 2143, Note_on_c, 9, 51, 0
"
1643,"5, 2208, Note_on_c, 9, 38, 104
"
1644,"5, 2208, Note_on_c, 9, 51, 76
"
1645,"5, 2239, Note_on_c, 9, 38, 0
"
1646,"5, 2239, Note_on_c, 9, 51, 0
"
1647,"5, 2304, Note_on_c, 9, 36, 76
"
1648,"5, 2304, Note_on_c, 9, 51, 74
"
1649,"5, 2319, Note_on_c, 9, 36, 0
"
1650,"5, 2335, Note_on_c, 9, 51, 0
"
1651,"5, 2400, Note_on_c, 9, 44, 120
"
1652,"5, 2400, Note_on_c, 9, 38, 104
"
1653,"5, 2400, Note_on_c, 9, 51, 80
"
1654,"5, 2431, Note_on_c, 9, 44, 0
"
1655,"5, 2431, Note_on_c, 9, 38, 0
"
1656,"5, 2431, Note_on_c, 9, 51, 0
"
1657,"5, 2496, Note_on_c, 9, 51, 76
"
1658,"5, 2496, Note_on_c, 9, 38, 118
"
1659,"5, 2527, Note_on_c, 9, 51, 0
"
1660,"5, 2527, Note_on_c, 9, 38, 0
"
1661,"5, 2592, Note_on_c, 9, 51, 74
"
1662,"5, 2592, Note_on_c, 9, 36, 76
"
1663,"5, 2607, Note_on_c, 9, 36, 0
"
1664,"5, 2623, Note_on_c, 9, 51, 0
"
1665,"5, 2656, Note_on_c, 9, 38, 116
"
1666,"5, 2687, Note_on_c, 9, 38, 0
"
1667,"5, 2688, Note_on_c, 9, 44, 120
"
1668,"5, 2688, Note_on_c, 9, 51, 80
"
1669,"5, 2719, Note_on_c, 9, 44, 0
"
1670,"5, 2719, Note_on_c, 9, 51, 0
"
1671,"5, 2784, Note_on_c, 9, 51, 76
"
1672,"5, 2784, Note_on_c, 9, 38, 104
"
1673,"5, 2784, Note_on_c, 9, 36, 76
"
1674,"5, 2799, Note_on_c, 9, 36, 0
"
1675,"5, 2815, Note_on_c, 9, 51, 0
"
1676,"5, 2815, Note_on_c, 9, 38, 0
"
1677,"5, 2880, Note_on_c, 9, 51, 74
"
1678,"5, 2880, Note_on_c, 9, 36, 76
"
1679,"5, 2895, Note_on_c, 9, 36, 0
"
1680,"5, 2911, Note_on_c, 9, 51, 0
"
1681,"5, 2976, Note_on_c, 9, 51, 80
"
1682,"5, 2976, Note_on_c, 9, 44, 120
"
1683,"5, 2976, Note_on_c, 9, 38, 104
"
1684,"5, 3007, Note_on_c, 9, 51, 0
"
1685,"5, 3007, Note_on_c, 9, 44, 0
"
1686,"5, 3007, Note_on_c, 9, 38, 0
"
1687,"5, 3072, Note_on_c, 9, 36, 76
"
1688,"5, 3072, Note_on_c, 9, 38, 118
"
1689,"5, 3072, Note_on_c, 9, 51, 76
"
1690,"5, 3087, Note_on_c, 9, 36, 0
"
1691,"5, 3103, Note_on_c, 9, 38, 0
"
1692,"5, 3103, Note_on_c, 9, 51, 0
"
1693,"5, 3168, Note_on_c, 9, 36, 76
"
1694,"5, 3168, Note_on_c, 9, 51, 74
"
1695,"5, 3183, Note_on_c, 9, 36, 0
"
1696,"5, 3199, Note_on_c, 9, 51, 0
"
1697,"5, 3232, Note_on_c, 9, 38, 116
"
1698,"5, 3263, Note_on_c, 9, 38, 0
"
1699,"5, 3264, Note_on_c, 9, 44, 120
"
1700,"5, 3264, Note_on_c, 9, 51, 80
"
1701,"5, 3295, Note_on_c, 9, 44, 0
"
1702,"5, 3295, Note_on_c, 9, 51, 0
"
1703,"5, 3360, Note_on_c, 9, 51, 76
"
1704,"5, 3360, Note_on_c, 9, 38, 104
"
1705,"5, 3360, Note_on_c, 9, 36, 76
"
1706,"5, 3375, Note_on_c, 9, 36, 0
"
1707,"5, 3391, Note_on_c, 9, 51, 0
"
1708,"5, 3391, Note_on_c, 9, 38, 0
"
1709,"5, 3456, Note_on_c, 9, 49, 70
"
1710,"5, 3456, Note_on_c, 9, 36, 76
"
1711,"5, 3471, Note_on_c, 9, 36, 0
"
1712,"5, 3487, Note_on_c, 9, 49, 0
"
1713,"5, 3552, Note_on_c, 9, 51, 80
"
1714,"5, 3552, Note_on_c, 9, 44, 120
"
1715,"5, 3552, Note_on_c, 9, 38, 104
"
1716,"5, 3583, Note_on_c, 9, 51, 0
"
1717,"5, 3583, Note_on_c, 9, 44, 0
"
1718,"5, 3583, Note_on_c, 9, 38, 0
"
1719,"5, 3648, Note_on_c, 9, 51, 76
"
1720,"5, 3648, Note_on_c, 9, 38, 118
"
1721,"5, 3679, Note_on_c, 9, 51, 0
"
1722,"5, 3679, Note_on_c, 9, 38, 0
"
1723,"5, 3744, Note_on_c, 9, 51, 74
"
1724,"5, 3744, Note_on_c, 9, 36, 76
"
1725,"5, 3759, Note_on_c, 9, 36, 0
"
1726,"5, 3775, Note_on_c, 9, 51, 0
"
1727,"5, 3808, Note_on_c, 9, 38, 116
"
1728,"5, 3839, Note_on_c, 9, 38, 0
"
1729,"5, 3840, Note_on_c, 9, 44, 120
"
1730,"5, 3840, Note_on_c, 9, 51, 80
"
1731,"5, 3871, Note_on_c, 9, 44, 0
"
1732,"5, 3871, Note_on_c, 9, 51, 0
"
1733,"5, 3936, Note_on_c, 9, 38, 104
"
1734,"5, 3936, Note_on_c, 9, 51, 76
"
1735,"5, 3967, Note_on_c, 9, 38, 0
"
1736,"5, 3967, Note_on_c, 9, 51, 0
"
1737,"5, 4032, Note_on_c, 9, 51, 74
"
1738,"5, 4032, Note_on_c, 9, 36, 76
"
1739,"5, 4047, Note_on_c, 9, 36, 0
"
1740,"5, 4063, Note_on_c, 9, 51, 0
"
1741,"5, 4128, Note_on_c, 9, 51, 80
"
1742,"5, 4128, Note_on_c, 9, 44, 120
"
1743,"5, 4128, Note_on_c, 9, 38, 104
"
1744,"5, 4159, Note_on_c, 9, 51, 0
"
1745,"5, 4159, Note_on_c, 9, 44, 0
"
1746,"5, 4159, Note_on_c, 9, 38, 0
"
1747,"5, 4224, Note_on_c, 9, 51, 76
"
1748,"5, 4224, Note_on_c, 9, 38, 118
"
1749,"5, 4255, Note_on_c, 9, 51, 0
"
1750,"5, 4255, Note_on_c, 9, 38, 0
"
1751,"5, 4320, Note_on_c, 9, 36, 76
"
1752,"5, 4320, Note_on_c, 9, 51, 74
"
1753,"5, 4335, Note_on_c, 9, 36, 0
"
1754,"5, 4351, Note_on_c, 9, 51, 0
"
1755,"5, 4384, Note_on_c, 9, 38, 116
"
1756,"5, 4415, Note_on_c, 9, 38, 0
"
1757,"5, 4416, Note_on_c, 9, 44, 120
"
1758,"5, 4416, Note_on_c, 9, 51, 80
"
1759,"5, 4447, Note_on_c, 9, 44, 0
"
1760,"5, 4447, Note_on_c, 9, 51, 0
"
1761,"5, 4512, Note_on_c, 9, 38, 104
"
1762,"5, 4512, Note_on_c, 9, 51, 76
"
1763,"5, 4543, Note_on_c, 9, 38, 0
"
1764,"5, 4543, Note_on_c, 9, 51, 0
"
1765,"5, 4608, Note_on_c, 9, 51, 74
"
1766,"5, 4608, Note_on_c, 9, 36, 76
"
1767,"5, 4623, Note_on_c, 9, 36, 0
"
1768,"5, 4639, Note_on_c, 9, 51, 0
"
1769,"5, 4704, Note_on_c, 9, 51, 80
"
1770,"5, 4704, Note_on_c, 9, 44, 120
"
1771,"5, 4704, Note_on_c, 9, 38, 104
"
1772,"5, 4735, Note_on_c, 9, 51, 0
"
1773,"5, 4735, Note_on_c, 9, 44, 0
"
1774,"5, 4735, Note_on_c, 9, 38, 0
"
1775,"5, 4800, Note_on_c, 9, 51, 76
"
1776,"5, 4800, Note_on_c, 9, 38, 118
"
1777,"5, 4831, Note_on_c, 9, 51, 0
"
1778,"5, 4831, Note_on_c, 9, 38, 0
"
1779,"5, 4896, Note_on_c, 9, 51, 74
"
1780,"5, 4896, Note_on_c, 9, 36, 76
"
1781,"5, 4911, Note_on_c, 9, 36, 0
"
1782,"5, 4927, Note_on_c, 9, 51, 0
"
1783,"5, 4960, Note_on_c, 9, 38, 116
"
1784,"5, 4991, Note_on_c, 9, 38, 0
"
1785,"5, 4992, Note_on_c, 9, 44, 120
"
1786,"5, 4992, Note_on_c, 9, 51, 80
"
1787,"5, 5023, Note_on_c, 9, 44, 0
"
1788,"5, 5023, Note_on_c, 9, 51, 0
"
1789,"5, 5088, Note_on_c, 9, 38, 104
"
1790,"5, 5088, Note_on_c, 9, 36, 76
"
1791,"5, 5088, Note_on_c, 9, 51, 76
"
1792,"5, 5103, Note_on_c, 9, 36, 0
"
1793,"5, 5119, Note_on_c, 9, 38, 0
"
1794,"5, 5119, Note_on_c, 9, 51, 0
"
1795,"5, 5184, Note_on_c, 9, 51, 74
"
1796,"5, 5184, Note_on_c, 9, 36, 76
"
1797,"5, 5199, Note_on_c, 9, 36, 0
"
1798,"5, 5215, Note_on_c, 9, 51, 0
"
1799,"5, 5280, Note_on_c, 9, 44, 120
"
1800,"5, 5280, Note_on_c, 9, 38, 104
"
1801,"5, 5280, Note_on_c, 9, 51, 80
"
1802,"5, 5311, Note_on_c, 9, 44, 0
"
1803,"5, 5311, Note_on_c, 9, 38, 0
"
1804,"5, 5311, Note_on_c, 9, 51, 0
"
1805,"5, 5376, Note_on_c, 9, 38, 118
"
1806,"5, 5376, Note_on_c, 9, 36, 76
"
1807,"5, 5376, Note_on_c, 9, 51, 76
"
1808,"5, 5391, Note_on_c, 9, 36, 0
"
1809,"5, 5407, Note_on_c, 9, 38, 0
"
1810,"5, 5407, Note_on_c, 9, 51, 0
"
1811,"5, 5472, Note_on_c, 9, 51, 74
"
1812,"5, 5472, Note_on_c, 9, 36, 76
"
1813,"5, 5487, Note_on_c, 9, 36, 0
"
1814,"5, 5503, Note_on_c, 9, 51, 0
"
1815,"5, 5536, Note_on_c, 9, 38, 116
"
1816,"5, 5567, Note_on_c, 9, 38, 0
"
1817,"5, 5568, Note_on_c, 9, 51, 80
"
1818,"5, 5568, Note_on_c, 9, 44, 120
"
1819,"5, 5599, Note_on_c, 9, 51, 0
"
1820,"5, 5599, Note_on_c, 9, 44, 0
"
1821,"5, 5664, Note_on_c, 9, 36, 76
"
1822,"5, 5664, Note_on_c, 9, 51, 76
"
1823,"5, 5664, Note_on_c, 9, 38, 104
"
1824,"5, 5679, Note_on_c, 9, 36, 0
"
1825,"5, 5695, Note_on_c, 9, 51, 0
"
1826,"5, 5695, Note_on_c, 9, 38, 0
"
1827,"5, 5760, Note_on_c, 9, 36, 76
"
1828,"5, 5760, Note_on_c, 9, 57, 70
"
1829,"5, 5775, Note_on_c, 9, 36, 0
"
1830,"5, 5791, Note_on_c, 9, 57, 0
"
1831,"5, 5856, Note_on_c, 9, 38, 104
"
1832,"5, 5856, Note_on_c, 9, 51, 80
"
1833,"5, 5856, Note_on_c, 9, 44, 120
"
1834,"5, 5887, Note_on_c, 9, 38, 0
"
1835,"5, 5887, Note_on_c, 9, 51, 0
"
1836,"5, 5887, Note_on_c, 9, 44, 0
"
1837,"5, 5952, Note_on_c, 9, 51, 76
"
1838,"5, 5952, Note_on_c, 9, 38, 118
"
1839,"5, 5983, Note_on_c, 9, 51, 0
"
1840,"5, 5983, Note_on_c, 9, 38, 0
"
1841,"5, 6048, Note_on_c, 9, 36, 76
"
1842,"5, 6048, Note_on_c, 9, 49, 74
"
1843,"5, 6063, Note_on_c, 9, 36, 0
"
1844,"5, 6079, Note_on_c, 9, 49, 0
"
1845,"5, 6112, Note_on_c, 9, 38, 116
"
1846,"5, 6143, Note_on_c, 9, 38, 0
"
1847,"5, 6144, Note_on_c, 9, 51, 80
"
1848,"5, 6144, Note_on_c, 9, 44, 120
"
1849,"5, 6175, Note_on_c, 9, 51, 0
"
1850,"5, 6175, Note_on_c, 9, 44, 0
"
1851,"5, 6240, Note_on_c, 9, 38, 104
"
1852,"5, 6240, Note_on_c, 9, 51, 76
"
1853,"5, 6271, Note_on_c, 9, 38, 0
"
1854,"5, 6271, Note_on_c, 9, 51, 0
"
1855,"5, 6336, Note_on_c, 9, 36, 76
"
1856,"5, 6336, Note_on_c, 9, 51, 74
"
1857,"5, 6351, Note_on_c, 9, 36, 0
"
1858,"5, 6367, Note_on_c, 9, 51, 0
"
1859,"5, 6432, Note_on_c, 9, 51, 80
"
1860,"5, 6432, Note_on_c, 9, 38, 104
"
1861,"5, 6432, Note_on_c, 9, 44, 120
"
1862,"5, 6463, Note_on_c, 9, 51, 0
"
1863,"5, 6463, Note_on_c, 9, 38, 0
"
1864,"5, 6463, Note_on_c, 9, 44, 0
"
1865,"5, 6528, Note_on_c, 9, 51, 76
"
1866,"5, 6528, Note_on_c, 9, 38, 118
"
1867,"5, 6559, Note_on_c, 9, 51, 0
"
1868,"5, 6559, Note_on_c, 9, 38, 0
"
1869,"5, 6624, Note_on_c, 9, 51, 74
"
1870,"5, 6624, Note_on_c, 9, 36, 76
"
1871,"5, 6639, Note_on_c, 9, 36, 0
"
1872,"5, 6655, Note_on_c, 9, 51, 0
"
1873,"5, 6688, Note_on_c, 9, 38, 116
"
1874,"5, 6719, Note_on_c, 9, 38, 0
"
1875,"5, 6720, Note_on_c, 9, 51, 80
"
1876,"5, 6720, Note_on_c, 9, 44, 120
"
1877,"5, 6751, Note_on_c, 9, 51, 0
"
1878,"5, 6751, Note_on_c, 9, 44, 0
"
1879,"5, 6816, Note_on_c, 9, 51, 76
"
1880,"5, 6816, Note_on_c, 9, 38, 104
"
1881,"5, 6847, Note_on_c, 9, 51, 0
"
1882,"5, 6847, Note_on_c, 9, 38, 0
"
1883,"5, 6912, Note_on_c, 9, 51, 74
"
1884,"5, 6912, Note_on_c, 9, 36, 76
"
1885,"5, 6927, Note_on_c, 9, 36, 0
"
1886,"5, 6943, Note_on_c, 9, 51, 0
"
1887,"5, 7008, Note_on_c, 9, 51, 80
"
1888,"5, 7008, Note_on_c, 9, 38, 104
"
1889,"5, 7008, Note_on_c, 9, 44, 120
"
1890,"5, 7039, Note_on_c, 9, 51, 0
"
1891,"5, 7039, Note_on_c, 9, 38, 0
"
1892,"5, 7039, Note_on_c, 9, 44, 0
"
1893,"5, 7104, Note_on_c, 9, 51, 76
"
1894,"5, 7104, Note_on_c, 9, 38, 118
"
1895,"5, 7135, Note_on_c, 9, 51, 0
"
1896,"5, 7135, Note_on_c, 9, 38, 0
"
1897,"5, 7200, Note_on_c, 9, 36, 76
"
1898,"5, 7200, Note_on_c, 9, 51, 74
"
1899,"5, 7215, Note_on_c, 9, 36, 0
"
1900,"5, 7231, Note_on_c, 9, 51, 0
"
1901,"5, 7264, Note_on_c, 9, 38, 116
"
1902,"5, 7295, Note_on_c, 9, 38, 0
"
1903,"5, 7296, Note_on_c, 9, 51, 80
"
1904,"5, 7296, Note_on_c, 9, 44, 120
"
1905,"5, 7327, Note_on_c, 9, 51, 0
"
1906,"5, 7327, Note_on_c, 9, 44, 0
"
1907,"5, 7392, Note_on_c, 9, 38, 104
"
1908,"5, 7392, Note_on_c, 9, 36, 76
"
1909,"5, 7392, Note_on_c, 9, 51, 76
"
1910,"5, 7407, Note_on_c, 9, 36, 0
"
1911,"5, 7423, Note_on_c, 9, 38, 0
"
1912,"5, 7423, Note_on_c, 9, 51, 0
"
1913,"5, 7488, Note_on_c, 9, 51, 74
"
1914,"5, 7488, Note_on_c, 9, 36, 76
"
1915,"5, 7503, Note_on_c, 9, 36, 0
"
1916,"5, 7519, Note_on_c, 9, 51, 0
"
1917,"5, 7584, Note_on_c, 9, 38, 104
"
1918,"5, 7584, Note_on_c, 9, 51, 80
"
1919,"5, 7584, Note_on_c, 9, 44, 120
"
1920,"5, 7615, Note_on_c, 9, 38, 0
"
1921,"5, 7615, Note_on_c, 9, 51, 0
"
1922,"5, 7615, Note_on_c, 9, 44, 0
"
1923,"5, 7680, Note_on_c, 9, 36, 76
"
1924,"5, 7680, Note_on_c, 9, 51, 76
"
1925,"5, 7680, Note_on_c, 9, 38, 118
"
1926,"5, 7695, Note_on_c, 9, 36, 0
"
1927,"5, 7711, Note_on_c, 9, 51, 0
"
1928,"5, 7711, Note_on_c, 9, 38, 0
"
1929,"5, 7776, Note_on_c, 9, 51, 74
"
1930,"5, 7776, Note_on_c, 9, 36, 76
"
1931,"5, 7791, Note_on_c, 9, 36, 0
"
1932,"5, 7807, Note_on_c, 9, 51, 0
"
1933,"5, 7840, Note_on_c, 9, 38, 116
"
1934,"5, 7871, Note_on_c, 9, 38, 0
"
1935,"5, 7872, Note_on_c, 9, 51, 80
"
1936,"5, 7872, Note_on_c, 9, 44, 120
"
1937,"5, 7903, Note_on_c, 9, 51, 0
"
1938,"5, 7903, Note_on_c, 9, 44, 0
"
1939,"5, 7968, Note_on_c, 9, 38, 104
"
1940,"5, 7968, Note_on_c, 9, 36, 76
"
1941,"5, 7968, Note_on_c, 9, 51, 76
"
1942,"5, 7983, Note_on_c, 9, 36, 0
"
1943,"5, 7999, Note_on_c, 9, 38, 0
"
1944,"5, 7999, Note_on_c, 9, 51, 0
"
1945,"5, 8064, Note_on_c, 9, 36, 76
"
1946,"5, 8064, Note_on_c, 9, 49, 74
"
1947,"5, 8079, Note_on_c, 9, 36, 0
"
1948,"5, 8095, Note_on_c, 9, 49, 0
"
1949,"5, 8160, Note_on_c, 9, 38, 104
"
1950,"5, 8160, Note_on_c, 9, 44, 120
"
1951,"5, 8160, Note_on_c, 9, 51, 80
"
1952,"5, 8191, Note_on_c, 9, 38, 0
"
1953,"5, 8191, Note_on_c, 9, 44, 0
"
1954,"5, 8191, Note_on_c, 9, 51, 0
"
1955,"5, 8256, Note_on_c, 9, 57, 76
"
1956,"5, 8256, Note_on_c, 9, 38, 118
"
1957,"5, 8256, Note_on_c, 9, 36, 76
"
1958,"5, 8271, Note_on_c, 9, 36, 0
"
1959,"5, 8287, Note_on_c, 9, 57, 0
"
1960,"5, 8287, Note_on_c, 9, 38, 0
"
1961,"5, 8352, Note_on_c, 9, 36, 76
"
1962,"5, 8352, Note_on_c, 9, 49, 74
"
1963,"5, 8367, Note_on_c, 9, 36, 0
"
1964,"5, 8383, Note_on_c, 9, 49, 0
"
1965,"5, 8416, Note_on_c, 9, 38, 116
"
1966,"5, 8447, Note_on_c, 9, 38, 0
"
1967,"5, 8448, Note_on_c, 9, 51, 80
"
1968,"5, 8448, Note_on_c, 9, 44, 120
"
1969,"5, 8479, Note_on_c, 9, 51, 0
"
1970,"5, 8479, Note_on_c, 9, 44, 0
"
1971,"5, 8544, Note_on_c, 9, 38, 104
"
1972,"5, 8544, Note_on_c, 9, 51, 76
"
1973,"5, 8575, Note_on_c, 9, 38, 0
"
1974,"5, 8575, Note_on_c, 9, 51, 0
"
1975,"5, 8640, Note_on_c, 9, 36, 76
"
1976,"5, 8640, Note_on_c, 9, 51, 74
"
1977,"5, 8655, Note_on_c, 9, 36, 0
"
1978,"5, 8671, Note_on_c, 9, 51, 0
"
1979,"5, 8736, Note_on_c, 9, 44, 120
"
1980,"5, 8736, Note_on_c, 9, 51, 80
"
1981,"5, 8736, Note_on_c, 9, 38, 104
"
1982,"5, 8767, Note_on_c, 9, 44, 0
"
1983,"5, 8767, Note_on_c, 9, 51, 0
"
1984,"5, 8767, Note_on_c, 9, 38, 0
"
1985,"5, 8832, Note_on_c, 9, 38, 118
"
1986,"5, 8832, Note_on_c, 9, 51, 76
"
1987,"5, 8863, Note_on_c, 9, 38, 0
"
1988,"5, 8863, Note_on_c, 9, 51, 0
"
1989,"5, 8928, Note_on_c, 9, 36, 76
"
1990,"5, 8928, Note_on_c, 9, 51, 74
"
1991,"5, 8943, Note_on_c, 9, 36, 0
"
1992,"5, 8959, Note_on_c, 9, 51, 0
"
1993,"5, 8992, Note_on_c, 9, 38, 116
"
1994,"5, 9023, Note_on_c, 9, 38, 0
"
1995,"5, 9024, Note_on_c, 9, 44, 120
"
1996,"5, 9024, Note_on_c, 9, 51, 80
"
1997,"5, 9055, Note_on_c, 9, 44, 0
"
1998,"5, 9055, Note_on_c, 9, 51, 0
"
1999,"5, 9120, Note_on_c, 9, 51, 76
"
2000,"5, 9120, Note_on_c, 9, 38, 104
"
2001,"5, 9151, Note_on_c, 9, 51, 0
"
2002,"5, 9151, Note_on_c, 9, 38, 0
"
2003,"5, 9216, Note_on_c, 9, 51, 74
"
2004,"5, 9216, Note_on_c, 9, 36, 76
"
2005,"5, 9231, Note_on_c, 9, 36, 0
"
2006,"5, 9247, Note_on_c, 9, 51, 0
"
2007,"5, 9312, Note_on_c, 9, 38, 104
"
2008,"5, 9312, Note_on_c, 9, 51, 80
"
2009,"5, 9312, Note_on_c, 9, 44, 120
"
2010,"5, 9343, Note_on_c, 9, 38, 0
"
2011,"5, 9343, Note_on_c, 9, 51, 0
"
2012,"5, 9343, Note_on_c, 9, 44, 0
"
2013,"5, 9376, Note_on_c, 9, 36, 76
"
2014,"5, 9376, Note_on_c, 9, 49, 86
"
2015,"5, 9391, Note_on_c, 9, 36, 0
"
2016,"5, 9391, Note_on_c, 9, 49, 0
"
2017,"5, 9408, Note_on_c, 9, 38, 118
"
2018,"5, 9408, Note_on_c, 9, 51, 76
"
2019,"5, 9439, Note_on_c, 9, 38, 0
"
2020,"5, 9439, Note_on_c, 9, 51, 0
"
2021,"5, 9440, Note_on_c, 9, 36, 76
"
2022,"5, 9440, Note_on_c, 9, 49, 86
"
2023,"5, 9455, Note_on_c, 9, 36, 0
"
2024,"5, 9455, Note_on_c, 9, 49, 0
"
2025,"5, 9504, Note_on_c, 9, 36, 76
"
2026,"5, 9504, Note_on_c, 9, 57, 86
"
2027,"5, 9504, Note_on_c, 9, 51, 74
"
2028,"5, 9519, Note_on_c, 9, 36, 0
"
2029,"5, 9519, Note_on_c, 9, 57, 0
"
2030,"5, 9535, Note_on_c, 9, 51, 0
"
2031,"5, 9568, Note_on_c, 9, 38, 116
"
2032,"5, 9599, Note_on_c, 9, 38, 0
"
2033,"5, 9600, Note_on_c, 9, 51, 80
"
2034,"5, 9600, Note_on_c, 9, 44, 120
"
2035,"5, 9631, Note_on_c, 9, 51, 0
"
2036,"5, 9631, Note_on_c, 9, 44, 0
"
2037,"5, 9696, Note_on_c, 9, 38, 104
"
2038,"5, 9696, Note_on_c, 9, 51, 76
"
2039,"5, 9696, Note_on_c, 9, 36, 76
"
2040,"5, 9711, Note_on_c, 9, 36, 0
"
2041,"5, 9727, Note_on_c, 9, 38, 0
"
2042,"5, 9727, Note_on_c, 9, 51, 0
"
2043,"5, 9792, Note_on_c, 9, 36, 76
"
2044,"5, 9792, Note_on_c, 9, 51, 74
"
2045,"5, 9807, Note_on_c, 9, 36, 0
"
2046,"5, 9823, Note_on_c, 9, 51, 0
"
2047,"5, 9888, Note_on_c, 9, 38, 104
"
2048,"5, 9888, Note_on_c, 9, 44, 120
"
2049,"5, 9888, Note_on_c, 9, 51, 80
"
2050,"5, 9919, Note_on_c, 9, 38, 0
"
2051,"5, 9919, Note_on_c, 9, 44, 0
"
2052,"5, 9919, Note_on_c, 9, 51, 0
"
2053,"5, 9984, Note_on_c, 9, 51, 76
"
2054,"5, 9984, Note_on_c, 9, 36, 76
"
2055,"5, 9984, Note_on_c, 9, 38, 118
"
2056,"5, 9999, Note_on_c, 9, 36, 0
"
2057,"5, 10015, Note_on_c, 9, 51, 0
"
2058,"5, 10015, Note_on_c, 9, 38, 0
"
2059,"5, 10080, Note_on_c, 9, 51, 74
"
2060,"5, 10080, Note_on_c, 9, 36, 76
"
2061,"5, 10095, Note_on_c, 9, 36, 0
"
2062,"5, 10111, Note_on_c, 9, 51, 0
"
2063,"5, 10144, Note_on_c, 9, 38, 116
"
2064,"5, 10175, Note_on_c, 9, 38, 0
"
2065,"5, 10176, Note_on_c, 9, 51, 80
"
2066,"5, 10176, Note_on_c, 9, 44, 120
"
2067,"5, 10207, Note_on_c, 9, 51, 0
"
2068,"5, 10207, Note_on_c, 9, 44, 0
"
2069,"5, 10272, Note_on_c, 9, 51, 76
"
2070,"5, 10272, Note_on_c, 9, 36, 76
"
2071,"5, 10272, Note_on_c, 9, 38, 104
"
2072,"5, 10287, Note_on_c, 9, 36, 0
"
2073,"5, 10303, Note_on_c, 9, 51, 0
"
2074,"5, 10303, Note_on_c, 9, 38, 0
"
2075,"5, 10368, Note_on_c, 9, 36, 76
"
2076,"5, 10368, Note_on_c, 9, 57, 74
"
2077,"5, 10383, Note_on_c, 9, 36, 0
"
2078,"5, 10399, Note_on_c, 9, 57, 0
"
2079,"5, 10464, Note_on_c, 9, 44, 120
"
2080,"5, 10464, Note_on_c, 9, 38, 104
"
2081,"5, 10464, Note_on_c, 9, 51, 80
"
2082,"5, 10495, Note_on_c, 9, 44, 0
"
2083,"5, 10495, Note_on_c, 9, 38, 0
"
2084,"5, 10495, Note_on_c, 9, 51, 0
"
2085,"5, 10560, Note_on_c, 9, 38, 118
"
2086,"5, 10560, Note_on_c, 9, 51, 76
"
2087,"5, 10591, Note_on_c, 9, 38, 0
"
2088,"5, 10591, Note_on_c, 9, 51, 0
"
2089,"5, 10624, Note_on_c, 9, 36, 76
"
2090,"5, 10639, Note_on_c, 9, 36, 0
"
2091,"5, 10656, Note_on_c, 9, 36, 76
"
2092,"5, 10656, Note_on_c, 9, 51, 74
"
2093,"5, 10671, Note_on_c, 9, 36, 0
"
2094,"5, 10687, Note_on_c, 9, 51, 0
"
2095,"5, 10720, Note_on_c, 9, 38, 116
"
2096,"5, 10751, Note_on_c, 9, 38, 0
"
2097,"5, 10752, Note_on_c, 9, 44, 120
"
2098,"5, 10752, Note_on_c, 9, 51, 80
"
2099,"5, 10783, Note_on_c, 9, 44, 0
"
2100,"5, 10783, Note_on_c, 9, 51, 0
"
2101,"5, 10816, Note_on_c, 9, 36, 76
"
2102,"5, 10831, Note_on_c, 9, 36, 0
"
2103,"5, 10848, Note_on_c, 9, 51, 76
"
2104,"5, 10848, Note_on_c, 9, 38, 104
"
2105,"5, 10848, Note_on_c, 9, 36, 76
"
2106,"5, 10863, Note_on_c, 9, 36, 0
"
2107,"5, 10879, Note_on_c, 9, 51, 0
"
2108,"5, 10879, Note_on_c, 9, 38, 0
"
2109,"5, 10944, Note_on_c, 9, 36, 76
"
2110,"5, 10944, Note_on_c, 9, 51, 74
"
2111,"5, 10959, Note_on_c, 9, 36, 0
"
2112,"5, 10975, Note_on_c, 9, 51, 0
"
2113,"5, 11040, Note_on_c, 9, 38, 104
"
2114,"5, 11040, Note_on_c, 9, 51, 80
"
2115,"5, 11040, Note_on_c, 9, 44, 120
"
2116,"5, 11071, Note_on_c, 9, 38, 0
"
2117,"5, 11071, Note_on_c, 9, 51, 0
"
2118,"5, 11071, Note_on_c, 9, 44, 0
"
2119,"5, 11088, Note_on_c, 9, 36, 76
"
2120,"5, 11103, Note_on_c, 9, 36, 0
"
2121,"5, 11136, Note_on_c, 9, 38, 118
"
2122,"5, 11136, Note_on_c, 9, 51, 76
"
2123,"5, 11136, Note_on_c, 9, 36, 76
"
2124,"5, 11151, Note_on_c, 9, 36, 0
"
2125,"5, 11167, Note_on_c, 9, 38, 0
"
2126,"5, 11167, Note_on_c, 9, 51, 0
"
2127,"5, 11232, Note_on_c, 9, 51, 74
"
2128,"5, 11232, Note_on_c, 9, 36, 76
"
2129,"5, 11247, Note_on_c, 9, 36, 0
"
2130,"5, 11263, Note_on_c, 9, 51, 0
"
2131,"5, 11296, Note_on_c, 9, 38, 116
"
2132,"5, 11327, Note_on_c, 9, 38, 0
"
2133,"5, 11328, Note_on_c, 9, 51, 80
"
2134,"5, 11328, Note_on_c, 9, 44, 120
"
2135,"5, 11359, Note_on_c, 9, 51, 0
"
2136,"5, 11359, Note_on_c, 9, 44, 0
"
2137,"5, 11392, Note_on_c, 9, 36, 76
"
2138,"5, 11407, Note_on_c, 9, 36, 0
"
2139,"5, 11424, Note_on_c, 9, 51, 76
"
2140,"5, 11424, Note_on_c, 9, 38, 104
"
2141,"5, 11424, Note_on_c, 9, 36, 76
"
2142,"5, 11439, Note_on_c, 9, 36, 0
"
2143,"5, 11455, Note_on_c, 9, 51, 0
"
2144,"5, 11455, Note_on_c, 9, 38, 0
"
2145,"5, 11520, Note_on_c, 9, 51, 74
"
2146,"5, 11520, Note_on_c, 9, 36, 76
"
2147,"5, 11535, Note_on_c, 9, 36, 0
"
2148,"5, 11551, Note_on_c, 9, 51, 0
"
2149,"5, 11616, Note_on_c, 9, 51, 80
"
2150,"5, 11616, Note_on_c, 9, 38, 104
"
2151,"5, 11616, Note_on_c, 9, 44, 120
"
2152,"5, 11647, Note_on_c, 9, 51, 0
"
2153,"5, 11647, Note_on_c, 9, 38, 0
"
2154,"5, 11647, Note_on_c, 9, 44, 0
"
2155,"5, 11664, Note_on_c, 9, 36, 76
"
2156,"5, 11679, Note_on_c, 9, 36, 0
"
2157,"5, 11712, Note_on_c, 9, 51, 76
"
2158,"5, 11712, Note_on_c, 9, 36, 76
"
2159,"5, 11712, Note_on_c, 9, 38, 118
"
2160,"5, 11727, Note_on_c, 9, 36, 0
"
2161,"5, 11743, Note_on_c, 9, 51, 0
"
2162,"5, 11743, Note_on_c, 9, 38, 0
"
2163,"5, 11808, Note_on_c, 9, 36, 76
"
2164,"5, 11808, Note_on_c, 9, 51, 74
"
2165,"5, 11823, Note_on_c, 9, 36, 0
"
2166,"5, 11839, Note_on_c, 9, 51, 0
"
2167,"5, 11872, Note_on_c, 9, 38, 116
"
2168,"5, 11903, Note_on_c, 9, 38, 0
"
2169,"5, 11904, Note_on_c, 9, 44, 120
"
2170,"5, 11904, Note_on_c, 9, 51, 80
"
2171,"5, 11935, Note_on_c, 9, 44, 0
"
2172,"5, 11935, Note_on_c, 9, 51, 0
"
2173,"5, 12000, Note_on_c, 9, 38, 104
"
2174,"5, 12000, Note_on_c, 9, 51, 76
"
2175,"5, 12000, Note_on_c, 9, 36, 76
"
2176,"5, 12015, Note_on_c, 9, 36, 0
"
2177,"5, 12031, Note_on_c, 9, 38, 0
"
2178,"5, 12031, Note_on_c, 9, 51, 0
"
2179,"5, 12096, Note_on_c, 9, 51, 74
"
2180,"5, 12096, Note_on_c, 9, 36, 76
"
2181,"5, 12111, Note_on_c, 9, 36, 0
"
2182,"5, 12127, Note_on_c, 9, 51, 0
"
2183,"5, 12192, Note_on_c, 9, 38, 104
"
2184,"5, 12192, Note_on_c, 9, 44, 120
"
2185,"5, 12192, Note_on_c, 9, 51, 80
"
2186,"5, 12223, Note_on_c, 9, 38, 0
"
2187,"5, 12223, Note_on_c, 9, 44, 0
"
2188,"5, 12223, Note_on_c, 9, 51, 0
"
2189,"5, 12288, Note_on_c, 9, 38, 118
"
2190,"5, 12288, Note_on_c, 9, 36, 76
"
2191,"5, 12288, Note_on_c, 9, 51, 76
"
2192,"5, 12303, Note_on_c, 9, 36, 0
"
2193,"5, 12319, Note_on_c, 9, 38, 0
"
2194,"5, 12319, Note_on_c, 9, 51, 0
"
2195,"5, 12384, Note_on_c, 9, 51, 74
"
2196,"5, 12384, Note_on_c, 9, 36, 76
"
2197,"5, 12399, Note_on_c, 9, 36, 0
"
2198,"5, 12415, Note_on_c, 9, 51, 0
"
2199,"5, 12448, Note_on_c, 9, 38, 116
"
2200,"5, 12479, Note_on_c, 9, 38, 0
"
2201,"5, 12480, Note_on_c, 9, 51, 80
"
2202,"5, 12480, Note_on_c, 9, 44, 120
"
2203,"5, 12511, Note_on_c, 9, 51, 0
"
2204,"5, 12511, Note_on_c, 9, 44, 0
"
2205,"5, 12576, Note_on_c, 9, 38, 104
"
2206,"5, 12576, Note_on_c, 9, 36, 76
"
2207,"5, 12576, Note_on_c, 9, 51, 76
"
2208,"5, 12591, Note_on_c, 9, 36, 0
"
2209,"5, 12607, Note_on_c, 9, 38, 0
"
2210,"5, 12607, Note_on_c, 9, 51, 0
"
2211,"5, 12672, Note_on_c, 9, 36, 76
"
2212,"5, 12672, Note_on_c, 9, 49, 74
"
2213,"5, 12687, Note_on_c, 9, 36, 0
"
2214,"5, 12703, Note_on_c, 9, 49, 0
"
2215,"5, 12768, Note_on_c, 9, 51, 80
"
2216,"5, 12768, Note_on_c, 9, 38, 104
"
2217,"5, 12768, Note_on_c, 9, 44, 120
"
2218,"5, 12799, Note_on_c, 9, 51, 0
"
2219,"5, 12799, Note_on_c, 9, 38, 0
"
2220,"5, 12799, Note_on_c, 9, 44, 0
"
2221,"5, 12864, Note_on_c, 9, 51, 76
"
2222,"5, 12864, Note_on_c, 9, 36, 76
"
2223,"5, 12864, Note_on_c, 9, 38, 118
"
2224,"5, 12879, Note_on_c, 9, 36, 0
"
2225,"5, 12895, Note_on_c, 9, 51, 0
"
2226,"5, 12895, Note_on_c, 9, 38, 0
"
2227,"5, 12928, Note_on_c, 9, 36, 76
"
2228,"5, 12943, Note_on_c, 9, 36, 0
"
2229,"5, 12960, Note_on_c, 9, 36, 76
"
2230,"5, 12960, Note_on_c, 9, 51, 74
"
2231,"5, 12975, Note_on_c, 9, 36, 0
"
2232,"5, 12991, Note_on_c, 9, 51, 0
"
2233,"5, 13024, Note_on_c, 9, 38, 116
"
2234,"5, 13055, Note_on_c, 9, 38, 0
"
2235,"5, 13056, Note_on_c, 9, 51, 80
"
2236,"5, 13056, Note_on_c, 9, 44, 120
"
2237,"5, 13087, Note_on_c, 9, 51, 0
"
2238,"5, 13087, Note_on_c, 9, 44, 0
"
2239,"5, 13120, Note_on_c, 9, 36, 76
"
2240,"5, 13135, Note_on_c, 9, 36, 0
"
2241,"5, 13152, Note_on_c, 9, 51, 76
"
2242,"5, 13152, Note_on_c, 9, 36, 76
"
2243,"5, 13152, Note_on_c, 9, 38, 104
"
2244,"5, 13167, Note_on_c, 9, 36, 0
"
2245,"5, 13183, Note_on_c, 9, 51, 0
"
2246,"5, 13183, Note_on_c, 9, 38, 0
"
2247,"5, 13184, Note_on_c, 9, 36, 76
"
2248,"5, 13199, Note_on_c, 9, 36, 0
"
2249,"5, 13216, Note_on_c, 9, 36, 76
"
2250,"5, 13231, Note_on_c, 9, 36, 0
"
2251,"5, 13248, Note_on_c, 9, 51, 74
"
2252,"5, 13248, Note_on_c, 9, 36, 76
"
2253,"5, 13263, Note_on_c, 9, 36, 0
"
2254,"5, 13279, Note_on_c, 9, 51, 0
"
2255,"5, 13344, Note_on_c, 9, 44, 120
"
2256,"5, 13344, Note_on_c, 9, 38, 104
"
2257,"5, 13344, Note_on_c, 9, 51, 80
"
2258,"5, 13375, Note_on_c, 9, 44, 0
"
2259,"5, 13375, Note_on_c, 9, 38, 0
"
2260,"5, 13375, Note_on_c, 9, 51, 0
"
2261,"5, 13440, Note_on_c, 9, 36, 76
"
2262,"5, 13440, Note_on_c, 9, 38, 118
"
2263,"5, 13440, Note_on_c, 9, 51, 76
"
2264,"5, 13455, Note_on_c, 9, 36, 0
"
2265,"5, 13471, Note_on_c, 9, 38, 0
"
2266,"5, 13471, Note_on_c, 9, 51, 0
"
2267,"5, 13536, Note_on_c, 9, 51, 74
"
2268,"5, 13536, Note_on_c, 9, 36, 76
"
2269,"5, 13551, Note_on_c, 9, 36, 0
"
2270,"5, 13567, Note_on_c, 9, 51, 0
"
2271,"5, 13600, Note_on_c, 9, 38, 116
"
2272,"5, 13631, Note_on_c, 9, 38, 0
"
2273,"5, 13632, Note_on_c, 9, 51, 80
"
2274,"5, 13632, Note_on_c, 9, 44, 120
"
2275,"5, 13663, Note_on_c, 9, 51, 0
"
2276,"5, 13663, Note_on_c, 9, 44, 0
"
2277,"5, 13728, Note_on_c, 9, 36, 76
"
2278,"5, 13728, Note_on_c, 9, 51, 76
"
2279,"5, 13728, Note_on_c, 9, 38, 104
"
2280,"5, 13743, Note_on_c, 9, 36, 0
"
2281,"5, 13759, Note_on_c, 9, 51, 0
"
2282,"5, 13759, Note_on_c, 9, 38, 0
"
2283,"5, 13760, Note_on_c, 9, 36, 76
"
2284,"5, 13775, Note_on_c, 9, 36, 0
"
2285,"5, 13792, Note_on_c, 9, 36, 76
"
2286,"5, 13807, Note_on_c, 9, 36, 0
"
2287,"5, 13824, Note_on_c, 9, 51, 74
"
2288,"5, 13824, Note_on_c, 9, 36, 76
"
2289,"5, 13839, Note_on_c, 9, 36, 0
"
2290,"5, 13855, Note_on_c, 9, 51, 0
"
2291,"5, 13920, Note_on_c, 9, 38, 104
"
2292,"5, 13920, Note_on_c, 9, 51, 80
"
2293,"5, 13920, Note_on_c, 9, 44, 120
"
2294,"5, 13951, Note_on_c, 9, 38, 0
"
2295,"5, 13951, Note_on_c, 9, 51, 0
"
2296,"5, 13951, Note_on_c, 9, 44, 0
"
2297,"5, 14016, Note_on_c, 9, 51, 76
"
2298,"5, 14016, Note_on_c, 9, 38, 118
"
2299,"5, 14016, Note_on_c, 9, 36, 76
"
2300,"5, 14031, Note_on_c, 9, 36, 0
"
2301,"5, 14047, Note_on_c, 9, 51, 0
"
2302,"5, 14047, Note_on_c, 9, 38, 0
"
2303,"5, 14112, Note_on_c, 9, 36, 76
"
2304,"5, 14112, Note_on_c, 9, 51, 74
"
2305,"5, 14127, Note_on_c, 9, 36, 0
"
2306,"5, 14143, Note_on_c, 9, 51, 0
"
2307,"5, 14176, Note_on_c, 9, 38, 116
"
2308,"5, 14207, Note_on_c, 9, 38, 0
"
2309,"5, 14208, Note_on_c, 9, 51, 80
"
2310,"5, 14208, Note_on_c, 9, 44, 120
"
2311,"5, 14239, Note_on_c, 9, 51, 0
"
2312,"5, 14239, Note_on_c, 9, 44, 0
"
2313,"5, 14304, Note_on_c, 9, 36, 76
"
2314,"5, 14304, Note_on_c, 9, 51, 76
"
2315,"5, 14304, Note_on_c, 9, 38, 104
"
2316,"5, 14319, Note_on_c, 9, 36, 0
"
2317,"5, 14335, Note_on_c, 9, 51, 0
"
2318,"5, 14335, Note_on_c, 9, 38, 0
"
2319,"5, 14400, Note_on_c, 9, 36, 76
"
2320,"5, 14400, Note_on_c, 9, 51, 74
"
2321,"5, 14415, Note_on_c, 9, 36, 0
"
2322,"5, 14431, Note_on_c, 9, 51, 0
"
2323,"5, 14496, Note_on_c, 9, 38, 104
"
2324,"5, 14496, Note_on_c, 9, 51, 80
"
2325,"5, 14496, Note_on_c, 9, 44, 120
"
2326,"5, 14527, Note_on_c, 9, 38, 0
"
2327,"5, 14527, Note_on_c, 9, 51, 0
"
2328,"5, 14527, Note_on_c, 9, 44, 0
"
2329,"5, 14592, Note_on_c, 9, 51, 76
"
2330,"5, 14592, Note_on_c, 9, 38, 118
"
2331,"5, 14592, Note_on_c, 9, 36, 76
"
2332,"5, 14607, Note_on_c, 9, 36, 0
"
2333,"5, 14623, Note_on_c, 9, 51, 0
"
2334,"5, 14623, Note_on_c, 9, 38, 0
"
2335,"5, 14688, Note_on_c, 9, 51, 74
"
2336,"5, 14688, Note_on_c, 9, 36, 76
"
2337,"5, 14703, Note_on_c, 9, 36, 0
"
2338,"5, 14719, Note_on_c, 9, 51, 0
"
2339,"5, 14752, Note_on_c, 9, 38, 116
"
2340,"5, 14783, Note_on_c, 9, 38, 0
"
2341,"5, 14784, Note_on_c, 9, 51, 80
"
2342,"5, 14784, Note_on_c, 9, 44, 120
"
2343,"5, 14815, Note_on_c, 9, 51, 0
"
2344,"5, 14815, Note_on_c, 9, 44, 0
"
2345,"5, 14880, Note_on_c, 9, 36, 76
"
2346,"5, 14880, Note_on_c, 9, 51, 76
"
2347,"5, 14880, Note_on_c, 9, 38, 104
"
2348,"5, 14895, Note_on_c, 9, 36, 0
"
2349,"5, 14911, Note_on_c, 9, 51, 0
"
2350,"5, 14911, Note_on_c, 9, 38, 0
"
2351,"5, 14976, Note_on_c, 9, 36, 76
"
2352,"5, 14976, Note_on_c, 9, 57, 74
"
2353,"5, 14991, Note_on_c, 9, 36, 0
"
2354,"5, 15007, Note_on_c, 9, 57, 0
"
2355,"5, 15072, Note_on_c, 9, 51, 80
"
2356,"5, 15072, Note_on_c, 9, 44, 120
"
2357,"5, 15072, Note_on_c, 9, 38, 104
"
2358,"5, 15103, Note_on_c, 9, 51, 0
"
2359,"5, 15103, Note_on_c, 9, 44, 0
"
2360,"5, 15103, Note_on_c, 9, 38, 0
"
2361,"5, 15168, Note_on_c, 9, 38, 118
"
2362,"5, 15168, Note_on_c, 9, 51, 76
"
2363,"5, 15199, Note_on_c, 9, 38, 0
"
2364,"5, 15199, Note_on_c, 9, 51, 0
"
2365,"5, 15264, Note_on_c, 9, 51, 74
"
2366,"5, 15264, Note_on_c, 9, 36, 76
"
2367,"5, 15279, Note_on_c, 9, 36, 0
"
2368,"5, 15295, Note_on_c, 9, 51, 0
"
2369,"5, 15328, Note_on_c, 9, 38, 116
"
2370,"5, 15359, Note_on_c, 9, 38, 0
"
2371,"5, 15360, Note_on_c, 9, 51, 80
"
2372,"5, 15360, Note_on_c, 9, 44, 120
"
2373,"5, 15391, Note_on_c, 9, 51, 0
"
2374,"5, 15391, Note_on_c, 9, 44, 0
"
2375,"5, 15456, Note_on_c, 9, 51, 76
"
2376,"5, 15456, Note_on_c, 9, 38, 104
"
2377,"5, 15487, Note_on_c, 9, 51, 0
"
2378,"5, 15487, Note_on_c, 9, 38, 0
"
2379,"5, 15552, Note_on_c, 9, 51, 74
"
2380,"5, 15552, Note_on_c, 9, 36, 76
"
2381,"5, 15567, Note_on_c, 9, 36, 0
"
2382,"5, 15583, Note_on_c, 9, 51, 0
"
2383,"5, 15648, Note_on_c, 9, 38, 104
"
2384,"5, 15648, Note_on_c, 9, 44, 120
"
2385,"5, 15648, Note_on_c, 9, 51, 80
"
2386,"5, 15679, Note_on_c, 9, 38, 0
"
2387,"5, 15679, Note_on_c, 9, 44, 0
"
2388,"5, 15679, Note_on_c, 9, 51, 0
"
2389,"5, 15744, Note_on_c, 9, 38, 118
"
2390,"5, 15744, Note_on_c, 9, 51, 76
"
2391,"5, 15775, Note_on_c, 9, 38, 0
"
2392,"5, 15775, Note_on_c, 9, 51, 0
"
2393,"5, 15840, Note_on_c, 9, 36, 76
"
2394,"5, 15840, Note_on_c, 9, 51, 74
"
2395,"5, 15855, Note_on_c, 9, 36, 0
"
2396,"5, 15871, Note_on_c, 9, 51, 0
"
2397,"5, 15904, Note_on_c, 9, 38, 116
"
2398,"5, 15935, Note_on_c, 9, 38, 0
"
2399,"5, 15936, Note_on_c, 9, 51, 80
"
2400,"5, 15936, Note_on_c, 9, 44, 120
"
2401,"5, 15967, Note_on_c, 9, 51, 0
"
2402,"5, 15967, Note_on_c, 9, 44, 0
"
2403,"5, 16032, Note_on_c, 9, 51, 76
"
2404,"5, 16032, Note_on_c, 9, 38, 104
"
2405,"5, 16063, Note_on_c, 9, 51, 0
"
2406,"5, 16063, Note_on_c, 9, 38, 0
"
2407,"5, 16128, Note_on_c, 9, 51, 74
"
2408,"5, 16128, Note_on_c, 9, 36, 76
"
2409,"5, 16143, Note_on_c, 9, 36, 0
"
2410,"5, 16159, Note_on_c, 9, 51, 0
"
2411,"5, 16224, Note_on_c, 9, 51, 80
"
2412,"5, 16224, Note_on_c, 9, 44, 120
"
2413,"5, 16224, Note_on_c, 9, 38, 104
"
2414,"5, 16255, Note_on_c, 9, 51, 0
"
2415,"5, 16255, Note_on_c, 9, 44, 0
"
2416,"5, 16255, Note_on_c, 9, 38, 0
"
2417,"5, 16320, Note_on_c, 9, 38, 118
"
2418,"5, 16320, Note_on_c, 9, 51, 76
"
2419,"5, 16351, Note_on_c, 9, 38, 0
"
2420,"5, 16351, Note_on_c, 9, 51, 0
"
2421,"5, 16416, Note_on_c, 9, 36, 76
"
2422,"5, 16416, Note_on_c, 9, 51, 74
"
2423,"5, 16431, Note_on_c, 9, 36, 0
"
2424,"5, 16447, Note_on_c, 9, 51, 0
"
2425,"5, 16480, Note_on_c, 9, 38, 116
"
2426,"5, 16511, Note_on_c, 9, 38, 0
"
2427,"5, 16512, Note_on_c, 9, 44, 120
"
2428,"5, 16512, Note_on_c, 9, 51, 80
"
2429,"5, 16543, Note_on_c, 9, 44, 0
"
2430,"5, 16543, Note_on_c, 9, 51, 0
"
2431,"5, 16608, Note_on_c, 9, 38, 104
"
2432,"5, 16608, Note_on_c, 9, 36, 76
"
2433,"5, 16608, Note_on_c, 9, 51, 76
"
2434,"5, 16623, Note_on_c, 9, 36, 0
"
2435,"5, 16639, Note_on_c, 9, 38, 0
"
2436,"5, 16639, Note_on_c, 9, 51, 0
"
2437,"5, 16704, Note_on_c, 9, 51, 74
"
2438,"5, 16704, Note_on_c, 9, 36, 76
"
2439,"5, 16719, Note_on_c, 9, 36, 0
"
2440,"5, 16735, Note_on_c, 9, 51, 0
"
2441,"5, 16800, Note_on_c, 9, 51, 80
"
2442,"5, 16800, Note_on_c, 9, 44, 120
"
2443,"5, 16800, Note_on_c, 9, 38, 104
"
2444,"5, 16831, Note_on_c, 9, 51, 0
"
2445,"5, 16831, Note_on_c, 9, 44, 0
"
2446,"5, 16831, Note_on_c, 9, 38, 0
"
2447,"5, 16896, Note_on_c, 9, 36, 76
"
2448,"5, 16896, Note_on_c, 9, 38, 118
"
2449,"5, 16896, Note_on_c, 9, 51, 76
"
2450,"5, 16911, Note_on_c, 9, 36, 0
"
2451,"5, 16927, Note_on_c, 9, 38, 0
"
2452,"5, 16927, Note_on_c, 9, 51, 0
"
2453,"5, 16992, Note_on_c, 9, 36, 76
"
2454,"5, 16992, Note_on_c, 9, 51, 74
"
2455,"5, 17007, Note_on_c, 9, 36, 0
"
2456,"5, 17023, Note_on_c, 9, 51, 0
"
2457,"5, 17056, Note_on_c, 9, 38, 116
"
2458,"5, 17087, Note_on_c, 9, 38, 0
"
2459,"5, 17088, Note_on_c, 9, 51, 80
"
2460,"5, 17088, Note_on_c, 9, 44, 120
"
2461,"5, 17119, Note_on_c, 9, 51, 0
"
2462,"5, 17119, Note_on_c, 9, 44, 0
"
2463,"5, 17184, Note_on_c, 9, 38, 104
"
2464,"5, 17184, Note_on_c, 9, 51, 76
"
2465,"5, 17184, Note_on_c, 9, 36, 76
"
2466,"5, 17199, Note_on_c, 9, 36, 0
"
2467,"5, 17215, Note_on_c, 9, 38, 0
"
2468,"5, 17215, Note_on_c, 9, 51, 0
"
2469,"5, 17280, Note_on_c, 9, 36, 76
"
2470,"5, 17280, Note_on_c, 9, 51, 74
"
2471,"5, 17295, Note_on_c, 9, 36, 0
"
2472,"5, 17311, Note_on_c, 9, 51, 0
"
2473,"5, 17376, Note_on_c, 9, 51, 80
"
2474,"5, 17376, Note_on_c, 9, 38, 104
"
2475,"5, 17376, Note_on_c, 9, 44, 120
"
2476,"5, 17407, Note_on_c, 9, 51, 0
"
2477,"5, 17407, Note_on_c, 9, 38, 0
"
2478,"5, 17407, Note_on_c, 9, 44, 0
"
2479,"5, 17472, Note_on_c, 9, 36, 76
"
2480,"5, 17472, Note_on_c, 9, 51, 76
"
2481,"5, 17472, Note_on_c, 9, 38, 118
"
2482,"5, 17487, Note_on_c, 9, 36, 0
"
2483,"5, 17503, Note_on_c, 9, 51, 0
"
2484,"5, 17503, Note_on_c, 9, 38, 0
"
2485,"5, 17568, Note_on_c, 9, 36, 76
"
2486,"5, 17568, Note_on_c, 9, 51, 74
"
2487,"5, 17583, Note_on_c, 9, 36, 0
"
2488,"5, 17599, Note_on_c, 9, 51, 0
"
2489,"5, 17632, Note_on_c, 9, 38, 116
"
2490,"5, 17663, Note_on_c, 9, 38, 0
"
2491,"5, 17664, Note_on_c, 9, 51, 80
"
2492,"5, 17664, Note_on_c, 9, 44, 120
"
2493,"5, 17695, Note_on_c, 9, 51, 0
"
2494,"5, 17695, Note_on_c, 9, 44, 0
"
2495,"5, 17760, Note_on_c, 9, 38, 104
"
2496,"5, 17760, Note_on_c, 9, 51, 76
"
2497,"5, 17791, Note_on_c, 9, 38, 0
"
2498,"5, 17791, Note_on_c, 9, 51, 0
"
2499,"5, 17856, Note_on_c, 9, 51, 74
"
2500,"5, 17856, Note_on_c, 9, 36, 76
"
2501,"5, 17871, Note_on_c, 9, 36, 0
"
2502,"5, 17887, Note_on_c, 9, 51, 0
"
2503,"5, 17952, Note_on_c, 9, 51, 80
"
2504,"5, 17952, Note_on_c, 9, 38, 104
"
2505,"5, 17952, Note_on_c, 9, 44, 120
"
2506,"5, 17983, Note_on_c, 9, 51, 0
"
2507,"5, 17983, Note_on_c, 9, 38, 0
"
2508,"5, 17983, Note_on_c, 9, 44, 0
"
2509,"5, 18048, Note_on_c, 9, 51, 76
"
2510,"5, 18048, Note_on_c, 9, 38, 118
"
2511,"5, 18079, Note_on_c, 9, 51, 0
"
2512,"5, 18079, Note_on_c, 9, 38, 0
"
2513,"5, 18144, Note_on_c, 9, 51, 74
"
2514,"5, 18144, Note_on_c, 9, 36, 76
"
2515,"5, 18159, Note_on_c, 9, 36, 0
"
2516,"5, 18175, Note_on_c, 9, 51, 0
"
2517,"5, 18208, Note_on_c, 9, 38, 116
"
2518,"5, 18239, Note_on_c, 9, 38, 0
"
2519,"5, 18240, Note_on_c, 9, 51, 80
"
2520,"5, 18240, Note_on_c, 9, 44, 120
"
2521,"5, 18271, Note_on_c, 9, 51, 0
"
2522,"5, 18271, Note_on_c, 9, 44, 0
"
2523,"5, 18336, Note_on_c, 9, 38, 104
"
2524,"5, 18336, Note_on_c, 9, 51, 76
"
2525,"5, 18367, Note_on_c, 9, 38, 0
"
2526,"5, 18367, Note_on_c, 9, 51, 0
"
2527,"5, 18432, Note_on_c, 9, 36, 76
"
2528,"5, 18432, Note_on_c, 9, 51, 74
"
2529,"5, 18447, Note_on_c, 9, 36, 0
"
2530,"5, 18463, Note_on_c, 9, 51, 0
"
2531,"5, 18528, Note_on_c, 9, 51, 80
"
2532,"5, 18528, Note_on_c, 9, 44, 120
"
2533,"5, 18528, Note_on_c, 9, 38, 104
"
2534,"5, 18559, Note_on_c, 9, 51, 0
"
2535,"5, 18559, Note_on_c, 9, 44, 0
"
2536,"5, 18559, Note_on_c, 9, 38, 0
"
2537,"5, 18592, Note_on_c, 9, 57, 86
"
2538,"5, 18592, Note_on_c, 9, 36, 76
"
2539,"5, 18607, Note_on_c, 9, 57, 0
"
2540,"5, 18607, Note_on_c, 9, 36, 0
"
2541,"5, 18624, Note_on_c, 9, 38, 118
"
2542,"5, 18624, Note_on_c, 9, 51, 76
"
2543,"5, 18655, Note_on_c, 9, 38, 0
"
2544,"5, 18655, Note_on_c, 9, 51, 0
"
2545,"5, 18656, Note_on_c, 9, 36, 76
"
2546,"5, 18656, Note_on_c, 9, 57, 86
"
2547,"5, 18671, Note_on_c, 9, 36, 0
"
2548,"5, 18671, Note_on_c, 9, 57, 0
"
2549,"5, 18720, Note_on_c, 9, 36, 76
"
2550,"5, 18720, Note_on_c, 9, 49, 86
"
2551,"5, 18720, Note_on_c, 9, 51, 74
"
2552,"5, 18735, Note_on_c, 9, 36, 0
"
2553,"5, 18735, Note_on_c, 9, 49, 0
"
2554,"5, 18751, Note_on_c, 9, 51, 0
"
2555,"5, 18784, Note_on_c, 9, 38, 116
"
2556,"5, 18815, Note_on_c, 9, 38, 0
"
2557,"5, 18816, Note_on_c, 9, 51, 80
"
2558,"5, 18816, Note_on_c, 9, 44, 120
"
2559,"5, 18847, Note_on_c, 9, 51, 0
"
2560,"5, 18847, Note_on_c, 9, 44, 0
"
2561,"5, 18912, Note_on_c, 9, 38, 104
"
2562,"5, 18912, Note_on_c, 9, 51, 76
"
2563,"5, 18912, Note_on_c, 9, 36, 76
"
2564,"5, 18927, Note_on_c, 9, 36, 0
"
2565,"5, 18943, Note_on_c, 9, 38, 0
"
2566,"5, 18943, Note_on_c, 9, 51, 0
"
2567,"5, 19008, Note_on_c, 9, 36, 76
"
2568,"5, 19008, Note_on_c, 9, 51, 74
"
2569,"5, 19023, Note_on_c, 9, 36, 0
"
2570,"5, 19039, Note_on_c, 9, 51, 0
"
2571,"5, 19104, Note_on_c, 9, 44, 120
"
2572,"5, 19104, Note_on_c, 9, 51, 80
"
2573,"5, 19104, Note_on_c, 9, 38, 104
"
2574,"5, 19135, Note_on_c, 9, 44, 0
"
2575,"5, 19135, Note_on_c, 9, 51, 0
"
2576,"5, 19135, Note_on_c, 9, 38, 0
"
2577,"5, 19200, Note_on_c, 9, 51, 76
"
2578,"5, 19200, Note_on_c, 9, 38, 118
"
2579,"5, 19200, Note_on_c, 9, 36, 76
"
2580,"5, 19215, Note_on_c, 9, 36, 0
"
2581,"5, 19231, Note_on_c, 9, 51, 0
"
2582,"5, 19231, Note_on_c, 9, 38, 0
"
2583,"5, 19296, Note_on_c, 9, 36, 76
"
2584,"5, 19296, Note_on_c, 9, 51, 74
"
2585,"5, 19311, Note_on_c, 9, 36, 0
"
2586,"5, 19327, Note_on_c, 9, 51, 0
"
2587,"5, 19360, Note_on_c, 9, 38, 116
"
2588,"5, 19391, Note_on_c, 9, 38, 0
"
2589,"5, 19392, Note_on_c, 9, 44, 120
"
2590,"5, 19392, Note_on_c, 9, 51, 80
"
2591,"5, 19423, Note_on_c, 9, 44, 0
"
2592,"5, 19423, Note_on_c, 9, 51, 0
"
2593,"5, 19488, Note_on_c, 9, 38, 104
"
2594,"5, 19488, Note_on_c, 9, 36, 76
"
2595,"5, 19488, Note_on_c, 9, 51, 76
"
2596,"5, 19503, Note_on_c, 9, 36, 0
"
2597,"5, 19519, Note_on_c, 9, 38, 0
"
2598,"5, 19519, Note_on_c, 9, 51, 0
"
2599,"5, 19584, Note_on_c, 9, 57, 70
"
2600,"5, 19584, Note_on_c, 9, 36, 76
"
2601,"5, 19599, Note_on_c, 9, 36, 0
"
2602,"5, 19615, Note_on_c, 9, 57, 0
"
2603,"5, 19680, Note_on_c, 9, 44, 120
"
2604,"5, 19711, Note_on_c, 9, 44, 0
"
2605,"5, 19711, End_track
"
2606,"6, 0, Start_track
"
2607,"6, 0, Title_t, ""=================""
"
2608,"6, 0, MIDI_port, 0
"
2609,"6, 0, End_track
"
2610,"7, 0, Start_track
"
2611,"7, 0, Title_t, ""MUSIC & WORDS by:""
"
2612,"7, 0, MIDI_port, 0
"
2613,"7, 0, End_track
"
2614,"8, 0, Start_track
"
2615,"8, 0, Title_t, ""Lee Mendelson""
"
2616,"8, 0, MIDI_port, 0
"
2617,"8, 0, End_track
"
2618,"9, 0, Start_track
"
2619,"9, 0, Title_t, ""Vince Guaraldi""
"
2620,"9, 0, MIDI_port, 0
"
2621,"9, 0, End_track
"
2622,"10, 0, Start_track
"
2623,"10, 0, Title_t, ""SEQUENCED by:""
"
2624,"10, 0, MIDI_port, 0
"
2625,"10, 0, End_track
"
2626,"11, 0, Start_track
"
2627,"11, 0, Title_t, ""DWBarnes ""
"
2628,"11, 0, MIDI_port, 0
"
2629,"11, 0, Copyright_t, ""MIDI File Copyright 1996, DWBarnes""
"
2630,"11, 1, Text_t, ""For Personal Use Only""
"
2631,"11, 2, Text_t, ""Modification without MIDI File""
"
2632,"11, 3, Text_t, ""author's permission is prohibited.""
"
2633,"11, 4, Text_t, ""Comments?""
"
2634,"11, 5, Text_t, ""Email: DavidB7170@usa.net""
"
2635,"11, 6, Text_t, ""Web Site on the Internet at:""
"
2636,"11, 7, Text_t, ""http://davidbarnes.yi.org/""
"
2637,"11, 440, System_exclusive, 20, 41, 10, 45, 12, 10, 00, 00, 53, 65, 71, 75, 65, 6E, 63, 65, 64, 20, 62, 79, 20, 44, 2E, 57, 2E, 42, 61, 72, 6E, 65, 73, 66, F7
"
2638,"11, 3896, System_exclusive, 22, 41, 10, 45, 12, 10, 00, 00, 45, 6D, 61, 69, 6C, 3A, 20, 44, 61, 76, 69, 64, 42, 37, 31, 37, 30, 40, 75, 73, 61, 2E, 6E, 65, 74, 37, F7
"
2639,"11, 3896, End_track
"
2640,"12, 0, Start_track
"
2641,"12, 0, Title_t, ""=================""
"
2642,"12, 0, MIDI_port, 0
"
2643,"12, 0, End_track
"
2644,"0, 0, End_of_file"
